passenger_id,survived,sex,age,sibsp,parch,fare,class,embark_town
af1089fa-c928-4719-94ec-4bdb0aa90e8a,0,male,22.0,1,0,7.25,Third,Southampton
5f616a6d-f338-4360-9d7b-3b92196dd350,1,female,38.0,1,0,71.2833,First,Cherbourg
34ad8431-f090-40d0-a1c9-50fe2cb39979,1,female,26.0,0,0,7.925,Third,Southampton
3bcdceb3-f1dd-4ef2-a9dc-089c13f54a27,1,female,35.0,1,0,53.1,First,Southampton
0ee5b915-66c7-42d4-ba2d-5c0703633ccc,0,male,35.0,0,0,8.05,Third,Southampton
0cd09886-0f40-4df5-9518-10de16c729c8,0,male,,0,0,8.4583,Third,Queenstown
7972c206-6fc7-42bd-8329-8e7bed602cb8,0,male,54.0,0,0,51.8625,First,Southampton
8ad3c96c-0a2c-47d4-b41b-f5a76ae9eb6f,0,male,2.0,3,1,21.075,Third,Southampton
31f5075b-252f-4fe8-9806-472e2e75a34a,1,female,27.0,0,2,11.1333,Third,Southampton
97544845-f25a-48f4-a544-a408eab2ed7a,1,female,14.0,1,0,30.0708,Second,Cherbourg
eea471ef-d405-4d53-8564-bfe633c8bdfa,1,female,4.0,1,1,16.7,Third,Southampton
95f4c6e2-46fb-436f-b26c-8d8eff9ec158,1,female,58.0,0,0,26.55,First,Southampton
0daac79f-37ba-422f-92d8-d31b76db2047,0,male,20.0,0,0,8.05,Third,Southampton
5abc7cb1-bf1a-47cd-ba0e-dfe055d7889d,0,male,39.0,1,5,31.275,Third,Southampton
d0720e08-33d9-4635-8013-2bb9742421fa,0,female,14.0,0,0,7.8542,Third,Southampton
41b52864-e390-4d0b-8469-747c55b3c578,1,female,55.0,0,0,16.0,Second,Southampton
f46a0315-89ad-41e0-a7fe-b54eebea2da6,0,male,2.0,4,1,29.125,Third,Queenstown
80c7f5a8-4f8c-41a5-bbb4-89f846145185,1,male,,0,0,13.0,Second,Southampton
7364c7f1-4182-4fd8-b830-306b914cb226,0,female,31.0,1,0,18.0,Third,Southampton
e2f03352-3802-450d-ab0f-663805545227,1,female,,0,0,7.225,Third,Cherbourg
b9cc2f8b-2777-42b3-9a66-9fa3aa3dfe11,0,male,35.0,0,0,26.0,Second,Southampton
9e21084d-4ab4-476f-802b-96ded745b7b2,1,male,34.0,0,0,13.0,Second,Southampton
c4b88359-5c4f-4760-aab3-f499a04b51c6,1,female,15.0,0,0,8.0292,Third,Queenstown
9f3d2647-569f-43f8-8d5c-2ba6afdeeab0,1,male,28.0,0,0,35.5,First,Southampton
1ed737c1-1dce-4ca1-96a3-dd4c95556299,0,female,8.0,3,1,21.075,Third,Southampton
0ce78cd0-2ca1-408b-ae3d-c4e1bbf013fb,1,female,38.0,1,5,31.3875,Third,Southampton
79507ff7-7fa6-4c59-9b25-192e87d2458c,0,male,,0,0,7.225,Third,Cherbourg
827a11d9-04e9-4074-962b-65339f16ab54,0,male,19.0,3,2,263.0,First,Southampton
46ddcb61-0c04-47b6-9107-a062a82b41fa,1,female,,0,0,7.8792,Third,Queenstown
5e78bb80-9be5-4367-98bb-f59e96c316f4,0,male,,0,0,7.8958,Third,Southampton
cf4ff8bc-f064-49a8-bc3b-05cb56c31d92,0,male,40.0,0,0,27.7208,First,Cherbourg
14e7668c-c4d6-4cdc-8251-1d5d0f62f3af,1,female,,1,0,146.5208,First,Cherbourg
8083c78e-a3bd-43dc-ba9b-e0c83af75312,1,female,,0,0,7.75,Third,Queenstown
45d7967a-c215-4735-b145-5d9599102d06,0,male,66.0,0,0,10.5,Second,Southampton
abd59e83-7498-40a1-b250-385e4541c3e2,0,male,28.0,1,0,82.1708,First,Cherbourg
40be1512-f7fb-4c42-80a6-c510d55d15c8,0,male,42.0,1,0,52.0,First,Southampton
77dd9f59-9055-4531-8678-ab010e17df35,1,male,,0,0,7.2292,Third,Cherbourg
29dbeaa4-25bd-44fb-b037-5fab42d8f510,0,male,21.0,0,0,8.05,Third,Southampton
cacb0b79-dd72-4f75-a4a4-687f1098af74,0,female,18.0,2,0,18.0,Third,Southampton
a00737e8-52fc-43af-9675-82d76438b466,1,female,14.0,1,0,11.2417,Third,Cherbourg
d4649521-ea99-499e-ae92-718824299df2,0,female,40.0,1,0,9.475,Third,Southampton
dde74231-103e-44dd-af35-6f5b13d7dbed,0,female,27.0,1,0,21.0,Second,Southampton
8afde8cf-b597-4784-8728-aa27ac394e09,0,male,,0,0,7.8958,Third,Cherbourg
baf0c757-c7f3-4bcf-aef4-88db7cad1e4a,1,female,3.0,1,2,41.5792,Second,Cherbourg
d7ba2ec6-8348-4c88-b685-61bbbcf0440f,1,female,19.0,0,0,7.8792,Third,Queenstown
0d0596f8-b755-4d2b-8785-9d99cab87fc0,0,male,,0,0,8.05,Third,Southampton
40ac5be0-49eb-4a19-a7bd-5bbbb77a7097,0,male,,1,0,15.5,Third,Queenstown
0ec8adf1-1bd4-476f-b213-82eb38d1f939,1,female,,0,0,7.75,Third,Queenstown
6aa375c9-5329-43f8-b1e7-0b7299c45402,0,male,,2,0,21.6792,Third,Cherbourg
e0453653-d562-4e83-8eff-7b23499af1cd,0,female,18.0,1,0,17.8,Third,Southampton
70fcffa2-4dfb-4421-ae87-89a26cab62df,0,male,7.0,4,1,39.6875,Third,Southampton
ca906c3e-37ce-43f6-a465-f45374a0d90c,0,male,21.0,0,0,7.8,Third,Southampton
c941453d-96be-4e28-93e2-4f57159fecea,1,female,49.0,1,0,76.7292,First,Cherbourg
ae1babd1-fd1a-47e5-bdb9-8592a4c3c2a2,1,female,29.0,1,0,26.0,Second,Southampton
6208f084-a12a-46e8-90b0-783bc25775e4,0,male,65.0,0,1,61.9792,First,Cherbourg
dab0b8e1-a724-4bc0-af1b-0c9adc86cfa9,1,male,,0,0,35.5,First,Southampton
456a6e7c-5a2f-4bbd-8f6f-cb14f45c70ff,1,female,21.0,0,0,10.5,Second,Southampton
07a00ab5-eee7-4272-91c8-0aa7e4729309,0,male,28.5,0,0,7.2292,Third,Cherbourg
885c5793-4f04-4d9d-aa8b-567ecfa8f22f,1,female,5.0,1,2,27.75,Second,Southampton
e68d0f60-2335-4e90-bf0a-f2d2e1108447,0,male,11.0,5,2,46.9,Third,Southampton
eb8a092b-510e-4017-a655-7c5c7af425fb,0,male,22.0,0,0,7.2292,Third,Cherbourg
585c79af-846c-4853-866e-36900e79d7b3,1,female,38.0,0,0,80.0,First,
5da72f87-af29-4bbc-9241-cd17201b3cb7,0,male,45.0,1,0,83.475,First,Southampton
28e45d89-9e22-423e-8fca-d337b294ebbe,0,male,4.0,3,2,27.9,Third,Southampton
b6dd6533-8864-41c8-9fc0-a317ffc875d9,0,male,,0,0,27.7208,First,Cherbourg
33c98a98-c096-4694-91e0-3aa062f7df00,1,male,,1,1,15.2458,Third,Cherbourg
929ad580-2688-4f34-bf0d-71a05615b088,1,female,29.0,0,0,10.5,Second,Southampton
4ea9c9a6-b569-4411-8822-de5610d7aaf8,0,male,19.0,0,0,8.1583,Third,Southampton
840c8665-cc61-4823-bdc6-e266667b5972,1,female,17.0,4,2,7.925,Third,Southampton
2f4ca325-3fb9-45e7-90b4-4556d0b61cb9,0,male,26.0,2,0,8.6625,Third,Southampton
c9d8b34c-6c63-4621-8c65-0fcd7d74de5c,0,male,32.0,0,0,10.5,Second,Southampton
39f56c66-e94b-4763-a87a-13d3b0a07612,0,female,16.0,5,2,46.9,Third,Southampton
64e107ff-c530-4036-909c-032545755c65,0,male,21.0,0,0,73.5,Second,Southampton
b85ba599-d6ee-4d03-a0d5-26dea5f9a765,0,male,26.0,1,0,14.4542,Third,Cherbourg
e6df903c-75da-474d-999d-5a96e1f0b42a,1,male,32.0,0,0,56.4958,Third,Southampton
72091778-1bc6-480a-8e98-6c866cfc1f90,0,male,25.0,0,0,7.65,Third,Southampton
07c71a22-da4b-4de4-a3d0-f84c77c3fe71,0,male,,0,0,7.8958,Third,Southampton
8854c224-1569-4d42-b039-39c8fab56a13,0,male,,0,0,8.05,Third,Southampton
e0aaeef1-ff54-4785-b81c-c6f98dd52bd6,1,male,0.83,0,2,29.0,Second,Southampton
e9aa324d-7416-4ca1-a521-9f5c31a99005,1,female,30.0,0,0,12.475,Third,Southampton
46c34c9f-dc96-4d9c-bafa-20343e6631aa,0,male,22.0,0,0,9.0,Third,Southampton
12e18756-8d18-4a63-b048-3f26f8285a6d,1,male,29.0,0,0,9.5,Third,Southampton
98ac6149-adde-4631-b20d-6cdff49506a7,1,female,,0,0,7.7875,Third,Queenstown
52963c54-8c61-4bde-8e4c-73e0faa76d1a,0,male,28.0,0,0,47.1,First,Southampton
74689c11-70b5-4ec3-b646-c191c63adb4a,1,female,17.0,0,0,10.5,Second,Southampton
892a4d1b-a5e1-484f-b570-7dc1afbe56f0,1,female,33.0,3,0,15.85,Third,Southampton
ca6a505b-30d3-4969-80f8-e54b7080a6f8,0,male,16.0,1,3,34.375,Third,Southampton
2956febd-4da9-4c39-b689-84803dbbca57,0,male,,0,0,8.05,Third,Southampton
7b102a9b-d25d-4eba-b7d0-d3c29129515e,1,female,23.0,3,2,263.0,First,Southampton
e4a75e76-0b31-4ed2-902d-39abfc5a1b41,0,male,24.0,0,0,8.05,Third,Southampton
5d08e5f0-8c77-4aa9-b20d-05eacc82a117,0,male,29.0,0,0,8.05,Third,Southampton
a938bd6a-252e-4c54-b533-03da40fa2d4c,0,male,20.0,0,0,7.8542,Third,Southampton
976485ec-87e8-435b-90f7-bed832e5d856,0,male,46.0,1,0,61.175,First,Southampton
0d73dbb3-621a-4fe6-ae08-d2eb0e7fe00e,0,male,26.0,1,2,20.575,Third,Southampton
cb3bb976-e33e-410d-915e-e97793ca930c,0,male,59.0,0,0,7.25,Third,Southampton
750b4cc0-989b-4b82-ac26-bccd4753d7f2,0,male,,0,0,8.05,Third,Southampton
2f1dda51-0f77-4c55-b978-59642c875aa6,0,male,71.0,0,0,34.6542,First,Cherbourg
f9cb96a8-0e19-4f75-8ae6-77ba665a4d82,1,male,23.0,0,1,63.3583,First,Cherbourg
8ce55c96-d8ea-48e3-8d6d-b76edc5f905d,1,female,34.0,0,1,23.0,Second,Southampton
1ae8b5c8-156f-494a-b852-e2c1587f8919,0,male,34.0,1,0,26.0,Second,Southampton
f4d1b21f-91af-42b1-92ae-c6dc14e2f135,0,female,28.0,0,0,7.8958,Third,Southampton
33effb3d-480e-4461-a14d-e9a6c94c953c,0,male,,0,0,7.8958,Third,Southampton
842ce610-cedc-401f-9fc6-0eeaed6f62d9,0,male,21.0,0,1,77.2875,First,Southampton
c1da0078-a66d-4bfa-9b48-494da107b478,0,male,33.0,0,0,8.6542,Third,Southampton
96784015-28ff-4a29-8061-2fa4b1aecbfc,0,male,37.0,2,0,7.925,Third,Southampton
52ede9ed-44c7-47e7-9dfa-f368da614c2d,0,male,28.0,0,0,7.8958,Third,Southampton
874d4f64-2319-4df9-9fa9-c32b2b7b4f69,1,female,21.0,0,0,7.65,Third,Southampton
e94fc7fc-31b1-495b-8f73-2b2fa1de184c,1,male,,0,0,7.775,Third,Southampton
1eee7004-e746-4576-9202-b0a5c19d3312,0,male,38.0,0,0,7.8958,Third,Southampton
a013772f-93cb-430a-b86c-16c97ae298f0,1,female,,1,0,24.15,Third,Queenstown
731d8ce9-c5dd-4a06-b488-78d81dd7d5ff,0,male,47.0,0,0,52.0,First,Southampton
4b7a7bec-bd8d-4e27-829d-3fafc51448ea,0,female,14.5,1,0,14.4542,Third,Cherbourg
ccbab1d3-1402-41de-9a1c-64fabf2c9c9d,0,male,22.0,0,0,8.05,Third,Southampton
a2ea798f-e8f4-419e-b99d-b80211211f94,0,female,20.0,1,0,9.825,Third,Southampton
751228af-19b3-4ff8-8c43-32191ce33a72,0,female,17.0,0,0,14.4583,Third,Cherbourg
e4c7b64e-37fd-4fd6-b1e4-2c7c0910af4a,0,male,21.0,0,0,7.925,Third,Southampton
054c3dcf-26ba-420f-80f7-261499784b84,0,male,70.5,0,0,7.75,Third,Queenstown
581b8975-6b97-416b-81e0-6edc02b45e33,0,male,29.0,1,0,21.0,Second,Southampton
e8281711-bced-43bc-98d1-0e84e121a133,0,male,24.0,0,1,247.5208,First,Cherbourg
3303d873-fe93-48a1-9195-3c506411faab,0,female,2.0,4,2,31.275,Third,Southampton
39d49580-dd0d-4e42-af4c-2a0b2819ec03,0,male,21.0,2,0,73.5,Second,Southampton
40e02932-8f64-44f4-b4c7-3a98e7375467,0,male,,0,0,8.05,Third,Southampton
b2bb29dc-c460-49ec-8e15-b2056fed6d98,0,male,32.5,1,0,30.0708,Second,Cherbourg
61f54301-782c-4189-a5e9-7dfe3c3061e1,1,female,32.5,0,0,13.0,Second,Southampton
f326e319-e3f1-4e1f-863b-e6bbb148bfc5,0,male,54.0,0,1,77.2875,First,Southampton
b80864ad-1723-4f5d-b298-c19df178c941,1,male,12.0,1,0,11.2417,Third,Cherbourg
f8339cb4-3bde-4677-9d83-3996ed8f925f,0,male,,0,0,7.75,Third,Queenstown
e2563f00-8823-43f7-8dd5-b5bc1f77ffb9,1,male,24.0,0,0,7.1417,Third,Southampton
ba6fd484-6b6e-4b16-ac25-745fd3a9a4e5,1,female,,1,1,22.3583,Third,Cherbourg
b2ba5305-3931-4874-aa64-fcbd7b71a600,0,male,45.0,0,0,6.975,Third,Southampton
62c5e87d-963a-455a-aef6-d6aae989435d,0,male,33.0,0,0,7.8958,Third,Cherbourg
a7bfd8f5-41a7-4903-942a-9aad73530e27,0,male,20.0,0,0,7.05,Third,Southampton
d4ceb3f7-c206-4dab-85db-85a94987d541,0,female,47.0,1,0,14.5,Third,Southampton
9066bdf1-522f-47ec-91c6-04a5cb6acf42,1,female,29.0,1,0,26.0,Second,Southampton
0cdfb1ac-ecf9-42b6-bfd8-39acf8f41726,0,male,25.0,0,0,13.0,Second,Southampton
f7d708c2-8dcc-4e4a-ad12-99abb9f06ba0,0,male,23.0,0,0,15.0458,Second,Cherbourg
c2aa74a0-4258-486e-bbdc-a03e2811e1ad,1,female,19.0,0,2,26.2833,First,Southampton
5918beb0-2660-4328-8a59-905a6e1663ae,0,male,37.0,1,0,53.1,First,Southampton
3e89ca0e-19ef-4abb-b08e-8281772127f2,0,male,16.0,0,0,9.2167,Third,Southampton
48b8c00a-39fd-485e-bbe8-ddc7bd688ffa,0,male,24.0,0,0,79.2,First,Cherbourg
a4efc4cc-9377-489a-90fe-ac2b39403d57,0,female,,0,2,15.2458,Third,Cherbourg
8b82225b-3168-49c8-969b-383d5785e95b,1,female,22.0,0,0,7.75,Third,Southampton
ea151dbb-d9d1-426d-8566-b9f04aa06fba,1,female,24.0,1,0,15.85,Third,Southampton
f3be7755-9e1b-4235-b7a9-80c390703235,0,male,19.0,0,0,6.75,Third,Queenstown
71d9d467-f777-450f-aa31-afc994645c33,0,male,18.0,0,0,11.5,Second,Southampton
4ada677f-bcb7-42c6-8ecd-c7aa26895cd1,0,male,19.0,1,1,36.75,Second,Southampton
e7b936eb-0d44-4a25-8832-064c84b0a5c8,1,male,27.0,0,0,7.7958,Third,Southampton
8af8e7d6-2c19-48e2-b7c2-e42214e5d912,0,female,9.0,2,2,34.375,Third,Southampton
8c9ddabb-138d-4478-acf8-100fa58338c9,0,male,36.5,0,2,26.0,Second,Southampton
71df81ae-6e64-4133-945c-fbf8652728f5,0,male,42.0,0,0,13.0,Second,Southampton
0ee0a6ce-7ad4-47a7-8819-16bd35fccd7e,0,male,51.0,0,0,12.525,Second,Southampton
0a668bd1-3d30-4b53-b18f-29811bfc9ab6,1,female,22.0,1,0,66.6,First,Southampton
ac350a01-3a4a-4095-a5db-336b048ee6ec,0,male,55.5,0,0,8.05,Third,Southampton
d78d641b-37eb-4eca-b851-d7a08c2abd84,0,male,40.5,0,2,14.5,Third,Southampton
da3f64cb-ce3a-4fe2-a39d-3ca030d1fc4a,0,male,,0,0,7.3125,Third,Southampton
6ff2c79e-7d8f-4abb-be23-9470b4c89407,0,male,51.0,0,1,61.3792,First,Cherbourg
df46e46b-eff7-47b6-956c-0384495de6ba,1,female,16.0,0,0,7.7333,Third,Queenstown
267068bb-1c46-4114-9460-fe9b6ab54dda,0,male,30.0,0,0,8.05,Third,Southampton
10726dc0-5eb1-4e07-8241-6e3765f3be29,0,male,,0,0,8.6625,Third,Southampton
6f58f822-7914-4673-8eae-89b0cfc855ad,0,male,,8,2,69.55,Third,Southampton
cb47c3e0-47da-480f-9029-ab4210d405d7,0,male,44.0,0,1,16.1,Third,Southampton
c0fd6661-e1a3-46a9-bf40-fef0cfafc049,1,female,40.0,0,0,15.75,Second,Southampton
43733f2b-77d3-4be4-ae77-10df40a347f7,0,male,26.0,0,0,7.775,Third,Southampton
05dad57e-e674-4900-b93b-bb4f569ff0c8,0,male,17.0,0,0,8.6625,Third,Southampton
3e8042bf-a4da-4e14-aa6d-64a14d78939e,0,male,1.0,4,1,39.6875,Third,Southampton
0e75fd4b-d9de-41e3-9e74-b55465af09d3,1,male,9.0,0,2,20.525,Third,Southampton
fca49016-216f-483c-a1fa-51e8790d7eac,1,female,,0,1,55.0,First,Southampton
c0dc562b-270f-4d0a-81b3-47905c764a74,0,female,45.0,1,4,27.9,Third,Southampton
acaf6050-154b-4d81-8ea3-6f2fc4fb6b8f,0,male,,0,0,25.925,First,Southampton
bc84c8be-3a40-4919-adb4-46d7858109c4,0,male,28.0,0,0,56.4958,Third,Southampton
20c9c59e-ac8d-4144-bb48-892a753f3b47,0,male,61.0,0,0,33.5,First,Southampton
2cf5f604-d06b-471a-8822-9d969705e033,0,male,4.0,4,1,29.125,Third,Queenstown
d4bf5ab1-f1bd-4d82-bbe3-2962a6d53684,1,female,1.0,1,1,11.1333,Third,Southampton
4d6c3b23-8dc2-422e-a8da-6652f3193a1e,0,male,21.0,0,0,7.925,Third,Southampton
c326c3f6-1291-4e78-bc87-572ad1afce1c,0,male,56.0,0,0,30.6958,First,Cherbourg
c970f1d4-a935-453f-b8fd-8a8a18fc63a4,0,male,18.0,1,1,7.8542,Third,Southampton
9f908161-17fa-4bd9-a363-5a58c692aa96,0,male,,3,1,25.4667,Third,Southampton
188c301b-6df3-4783-aac8-89df289eb712,0,female,50.0,0,0,28.7125,First,Cherbourg
f373a28e-c84e-478b-a81c-8755e22669d8,0,male,30.0,0,0,13.0,Second,Southampton
2875b775-ddad-4324-a3c7-6d6836f55ed0,0,male,36.0,0,0,0.0,Third,Southampton
759f0bb0-3852-41c3-b1be-fa6f0198a3db,0,female,,8,2,69.55,Third,Southampton
efab8635-5bf6-477b-855d-83cf612c1b24,0,male,,0,0,15.05,Second,Cherbourg
842edda7-87d6-49fa-9eb3-8d73ec43eebe,0,male,9.0,4,2,31.3875,Third,Southampton
4c45cf35-8d7d-4fea-b16b-08f3764926bb,1,male,1.0,2,1,39.0,Second,Southampton
7d78afb0-9ede-409c-9e14-9cdd6a5bdeff,1,female,4.0,0,2,22.025,Third,Southampton
c018d5b5-7de9-454c-b784-149d8e9ee606,0,male,,0,0,50.0,First,Southampton
74be0a85-0588-4b04-8004-1cbda90b138e,1,female,,1,0,15.5,Third,Queenstown
e0792172-09a2-4a1f-87d7-caeefab655fc,1,male,45.0,0,0,26.55,First,Southampton
d702c2a7-4dab-4cf1-a601-fff10b4d4697,0,male,40.0,1,1,15.5,Third,Queenstown
2e88eec0-7329-42fc-a755-3d11f5a1c68c,0,male,36.0,0,0,7.8958,Third,Southampton
0df7e91a-4274-4026-adf3-b1a08d680be1,1,female,32.0,0,0,13.0,Second,Southampton
b1044762-64e1-4259-8660-9c70f4549060,0,male,19.0,0,0,13.0,Second,Southampton
0fdc79ca-3719-4c4b-97fa-380c440f4096,1,female,19.0,1,0,7.8542,Third,Southampton
015ef17d-8360-430a-97b2-81d13fcf1674,1,male,3.0,1,1,26.0,Second,Southampton
594542d8-8ff1-4c2d-865a-7f90a26e733e,1,female,44.0,0,0,27.7208,First,Cherbourg
3661c590-c28d-419e-b1dd-a8584ded989d,1,female,58.0,0,0,146.5208,First,Cherbourg
ed68dc33-1124-4f03-9151-d7d0435ea147,0,male,,0,0,7.75,Third,Queenstown
1bf13b89-a389-4ddc-8161-c849b95b9f0a,0,male,42.0,0,1,8.4042,Third,Southampton
71856f97-edee-44ef-bc3d-da353b6daa92,1,female,,0,0,7.75,Third,Queenstown
9425f62b-49f5-4351-ab28-eba3f84b4545,0,female,24.0,0,0,13.0,Second,Southampton
3544b4b8-8ebf-4f57-af6d-148c45529c70,0,male,28.0,0,0,9.5,Third,Southampton
6bc5a0d6-916a-4ee6-b780-61fcd4155e60,0,male,,8,2,69.55,Third,Southampton
46564847-c080-497f-90c0-4b6a6f5316df,0,male,34.0,0,0,6.4958,Third,Southampton
dbeb01d3-5986-4021-945b-53bad34f6d92,0,male,45.5,0,0,7.225,Third,Cherbourg
edb23a76-d33b-4e5f-9f25-4dbfb5d9f693,1,male,18.0,0,0,8.05,Third,Southampton
18c852b9-9e77-4dcf-b78d-6af460245952,0,female,2.0,0,1,10.4625,Third,Southampton
4e75207d-736b-4996-9fe3-9485f550d10c,0,male,32.0,1,0,15.85,Third,Southampton
06262db8-44eb-4ebf-82a2-7ba489484a1f,1,male,26.0,0,0,18.7875,Third,Cherbourg
e2f703c4-43ad-4200-acb6-c964c5e34983,1,female,16.0,0,0,7.75,Third,Queenstown
9571485b-651d-4315-8fe2-dbaea5eb9ea9,1,male,40.0,0,0,31.0,First,Cherbourg
f8a18d0a-d34d-4977-9f74-21ee5a01f9e0,0,male,24.0,0,0,7.05,Third,Southampton
cc264710-3ae0-48e8-86ee-71b528d05d57,1,female,35.0,0,0,21.0,Second,Southampton
ab0e6781-c3ee-431a-9c94-d2050a92835d,0,male,22.0,0,0,7.25,Third,Southampton
4ea913cc-2b4a-4696-8e42-4b46de6c593a,0,male,30.0,0,0,13.0,Second,Southampton
ff4c5bd2-a58f-4d1b-9ba9-98c963e6a1f1,0,male,,1,0,7.75,Third,Queenstown
1a68e333-6976-4084-bc76-cfe36d5987d2,1,female,31.0,1,0,113.275,First,Cherbourg
5b11cca5-e5d0-4eb0-9736-fc0f877a0c17,1,female,27.0,0,0,7.925,Third,Southampton
b2ceca58-c32f-42db-8b2c-49db33ac6442,0,male,42.0,1,0,27.0,Second,Southampton
bec85a69-9275-4e54-8844-a26f9f30a42e,1,female,32.0,0,0,76.2917,First,Cherbourg
872174ea-26d5-4446-b67c-01bf65f5afb3,0,male,30.0,0,0,10.5,Second,Southampton
9de751c9-09c2-4793-b152-e817975ee39e,1,male,16.0,0,0,8.05,Third,Southampton
516ab280-5f01-4f7d-8012-100a7599b9ce,0,male,27.0,0,0,13.0,Second,Southampton
d6e88707-56cd-45b5-98df-f5808911cba2,0,male,51.0,0,0,8.05,Third,Southampton
2ed775cf-4c0e-4921-ae68-47c52e87b943,0,male,,0,0,7.8958,Third,Southampton
6001ff20-029d-4c18-a80a-036c5d61f2da,1,male,38.0,1,0,90.0,First,Southampton
aac66c55-758a-4d1f-b6cb-2093b72d3bb9,0,male,22.0,0,0,9.35,Third,Southampton
ab0a9fac-cf6e-4125-aef5-94ae0d3ced49,1,male,19.0,0,0,10.5,Second,Southampton
7c3ed5ed-5cf1-473d-9024-cd3af961a3f3,0,male,20.5,0,0,7.25,Third,Southampton
3b4ad225-167f-482e-ac5c-0a7de235cb2e,0,male,18.0,0,0,13.0,Second,Southampton
08e97b4d-4858-46a5-be76-e6c292e0abce,0,female,,3,1,25.4667,Third,Southampton
165c436f-66b2-43e1-bc7d-cf90369e5f86,1,female,35.0,1,0,83.475,First,Southampton
5ec38b6d-fa6e-4d56-816f-999196b3ba20,0,male,29.0,0,0,7.775,Third,Southampton
73ef40c8-6e4d-44a5-b4e1-302f409457b7,0,male,59.0,0,0,13.5,Second,Southampton
02a7492c-43de-4bc7-bc8d-2e8a97831970,1,female,5.0,4,2,31.3875,Third,Southampton
f984f1c1-1cbe-42f9-aa0d-6c8b0eb58d00,0,male,24.0,0,0,10.5,Second,Southampton
c1350e66-307c-42b3-b9ad-94791ffaa076,0,female,,0,0,7.55,Third,Southampton
7fc9fe92-16dd-4ae8-ab4b-61777ebc09af,0,male,44.0,1,0,26.0,Second,Southampton
c1f02afa-8afe-462e-8419-ef8589424f06,1,female,8.0,0,2,26.25,Second,Southampton
711746e4-3acf-45f5-9dd4-9f4b830b3278,0,male,19.0,0,0,10.5,Second,Southampton
e7d9f651-11f2-4602-ba2c-eece3a11e79b,0,male,33.0,0,0,12.275,Second,Southampton
f8295180-be76-4781-87d2-11c2a92c2f5b,0,female,,1,0,14.4542,Third,Cherbourg
da471c1e-8dd5-4d35-8187-7c5f07479f99,1,female,,1,0,15.5,Third,Queenstown
db81175a-fb16-4bb7-89cf-d3fdab8b1ada,0,male,29.0,0,0,10.5,Second,Southampton
a0866605-08ee-4af4-aef1-087cc2f31cdd,0,male,22.0,0,0,7.125,Third,Southampton
b6870d23-372e-45cc-8943-86be585638bc,0,male,30.0,0,0,7.225,Third,Cherbourg
c11352db-0c92-45fc-a4d3-46846f7573c2,0,male,44.0,2,0,90.0,First,Queenstown
ec4e2fbc-056c-46a2-807e-457691eb23ac,0,female,25.0,0,0,7.775,Third,Southampton
cf62026a-b017-4b0c-9633-8309981cdc8e,1,female,24.0,0,2,14.5,Second,Southampton
6d4c25a5-4a9c-4b80-9852-d1ef22ebb846,1,male,37.0,1,1,52.5542,First,Southampton
a4780594-d675-4bc4-a792-2c7420329f14,0,male,54.0,1,0,26.0,Second,Southampton
9eb6bf1e-dbc7-4518-b976-ebe53b91e093,0,male,,0,0,7.25,Third,Southampton
2ed808e5-4f92-4761-884f-2486dcfa60ad,0,female,29.0,1,1,10.4625,Third,Southampton
4d625deb-be75-45c0-8fcc-ca3411f8fd2c,0,male,62.0,0,0,26.55,First,Southampton
17023561-4f24-47cf-a322-ab66f7e2bddc,0,male,30.0,1,0,16.1,Third,Southampton
85c1c665-f755-4622-b36f-b533e99e2833,0,female,41.0,0,2,20.2125,Third,Southampton
906bdcee-b832-41ba-beb7-a9ef652e9c26,1,female,29.0,0,2,15.2458,Third,Cherbourg
f1fb1939-5e03-452d-9987-15330a0de2cd,1,female,,0,0,79.2,First,Cherbourg
1da1b30f-0d59-4fae-91f1-0c1bb9441ba2,1,female,30.0,0,0,86.5,First,Southampton
5ad90b25-4c54-48f8-b3c7-b6376e96d4ee,1,female,35.0,0,0,512.3292,First,Cherbourg
fda40ec4-cff3-447e-a12d-f2391ac2a016,1,female,50.0,0,1,26.0,Second,Southampton
e52f2bb9-b5c1-49e5-a538-ce7776a17666,0,male,,0,0,7.75,Third,Queenstown
cc7670bb-2aac-4528-942d-1633a788501f,1,male,3.0,4,2,31.3875,Third,Southampton
f7aed616-dacf-49d9-9078-5cd051cf3a72,0,male,52.0,1,1,79.65,First,Southampton
e53480d0-1e01-4c57-9c2e-1f61360a8873,0,male,40.0,0,0,0.0,First,Southampton
06823be3-216e-4329-b038-c0c25e258bc6,0,female,,0,0,7.75,Third,Queenstown
1d2895d2-1d26-4b4b-9086-a4b36f55efa4,0,male,36.0,0,0,10.5,Second,Southampton
9147ce2f-892a-4907-8362-3f7af37bf643,0,male,16.0,4,1,39.6875,Third,Southampton
14d1e295-41de-477a-a7d2-9c519ffc5812,1,male,25.0,1,0,7.775,Third,Southampton
cb68c97c-4fc8-4621-9322-f80363cb3d5d,1,female,58.0,0,1,153.4625,First,Southampton
9723ad3f-e1ae-4cb5-a420-4f6ccef3772f,1,female,35.0,0,0,135.6333,First,Southampton
9b73b8a5-e498-4c59-9f63-bdbabc1493c5,0,male,,0,0,31.0,First,Southampton
79d2c4ba-2381-4b93-982b-8bdeccfc9632,1,male,25.0,0,0,0.0,Third,Southampton
e8a3a4ed-c477-4c02-bff1-54c58b4e64ac,1,female,41.0,0,1,19.5,Second,Southampton
f31733ea-c7fd-4375-8b22-1fb49ac1ac6a,0,male,37.0,0,1,29.7,First,Cherbourg
55f86300-e3a2-4fa1-bf0d-cb25445c94c2,1,female,,0,0,7.75,Third,Queenstown
4c038e5e-8b2f-44b5-8f47-5c7181f458d7,1,female,63.0,1,0,77.9583,First,Southampton
cda5df37-c747-42b4-bbf3-678054d7a549,0,female,45.0,0,0,7.75,Third,Southampton
5805c018-847b-4670-80e5-a136859ba172,0,male,,0,0,0.0,Second,Southampton
2046886f-6b15-4569-8605-08273836fb56,0,male,7.0,4,1,29.125,Third,Queenstown
60798d20-3dc8-4538-ab13-058fb13a15e9,1,female,35.0,1,1,20.25,Third,Southampton
9cc2d639-e7f7-418b-8836-8e6918f0ebea,0,male,65.0,0,0,7.75,Third,Queenstown
380ea401-3dd8-4176-80b6-3a3ad0d6b1cd,0,male,28.0,0,0,7.8542,Third,Southampton
06c9664b-5cd2-4242-83fb-c0222d1a9b26,0,male,16.0,0,0,9.5,Third,Southampton
ae9c1249-5004-43dc-9e02-bd5f36143a75,1,male,19.0,0,0,8.05,Third,Southampton
07697f62-144f-4960-941e-ccf18d3aa962,0,male,,0,0,26.0,First,Southampton
aef5a04f-974d-41dc-9926-05ba60f632e3,0,male,33.0,0,0,8.6625,Third,Cherbourg
ed019bbe-c603-4138-a539-f6806e4da77c,1,male,30.0,0,0,9.5,Third,Southampton
c4d21142-5a16-4f5d-86bd-646b25cbb4f3,0,male,22.0,0,0,7.8958,Third,Southampton
7176eb6f-94ee-4c5d-ad77-3839d0b35acf,1,male,42.0,0,0,13.0,Second,Southampton
a3c4adb2-0b54-4522-878f-8f67f7dea25b,1,female,22.0,0,0,7.75,Third,Queenstown
c6ba67d2-b58d-4495-8a1f-1e4a02147742,1,female,26.0,0,0,78.85,First,Southampton
7b6c71fb-816d-402c-b524-0f1a97b0f6e4,1,female,19.0,1,0,91.0792,First,Cherbourg
8ed63432-f0d0-4477-a303-dd413c8ae06d,0,male,36.0,0,0,12.875,Second,Cherbourg
5933fba8-5e41-4434-930b-ebddb023068a,0,female,24.0,0,0,8.85,Third,Southampton
d0bb0730-cbfb-4a70-b4e9-eae478cc69d7,0,male,24.0,0,0,7.8958,Third,Southampton
42fcd6d3-3866-49fd-8b0e-243222a2cfb6,0,male,,0,0,27.7208,First,Cherbourg
0855b491-88a7-41e1-bc07-a998d73bd53d,0,male,23.5,0,0,7.2292,Third,Cherbourg
be41e529-77da-4193-94ce-6227bd50af55,0,female,2.0,1,2,151.55,First,Southampton
818e8b77-f6d3-4e97-ab2a-4b14f8656e53,1,male,,0,0,30.5,First,Southampton
207a8b79-2e5d-4e7b-867f-02399bfbd81c,1,female,50.0,0,1,247.5208,First,Cherbourg
59709703-bc3d-4b31-8ea3-0d7e09089527,1,female,,0,0,7.75,Third,Queenstown
c517b994-42bd-447d-a991-83d48991929e,1,male,,2,0,23.25,Third,Queenstown
5ca45b79-9fde-419a-82d5-ef19799fee53,0,male,19.0,0,0,0.0,Third,Southampton
3fb1da17-f65a-4456-b2f0-63200fbb7815,1,female,,0,0,12.35,Second,Queenstown
f7a3652b-dd93-4ae3-ab1b-abb30ca33e7a,0,male,,0,0,8.05,Third,Southampton
5cc43e67-3e05-4d89-983d-31e09d4efa26,1,male,0.92,1,2,151.55,First,Southampton
d0122104-223c-439b-9794-d727e5db15f0,1,female,,0,0,110.8833,First,Cherbourg
132e52fa-f1ff-42b5-a136-dde7e27b0d05,1,female,17.0,1,0,108.9,First,Cherbourg
7d73aafa-9413-4d4f-8b1e-6ab0a3dd83ca,0,male,30.0,1,0,24.0,Second,Cherbourg
829a2cf3-3328-4502-94be-03b8cb0038ae,1,female,30.0,0,0,56.9292,First,Cherbourg
2595477a-0e3e-4736-a842-7ae8203418e3,1,female,24.0,0,0,83.1583,First,Cherbourg
61802177-eff9-4b75-bc1b-1f95eeef8912,1,female,18.0,2,2,262.375,First,Cherbourg
24e08c38-1df4-4916-8c59-affd20559ca9,0,female,26.0,1,1,26.0,Second,Southampton
3be5ae69-18d7-4bc4-9c4f-3afb3f700b9b,0,male,28.0,0,0,7.8958,Third,Southampton
9521c2b1-7556-4000-8a0f-f3e9750f6258,0,male,43.0,1,1,26.25,Second,Southampton
a12d48b9-dead-43cc-b8d1-2912d90a7a7b,1,female,26.0,0,0,7.8542,Third,Southampton
72bc6d7e-b954-45b5-9d18-7f07c94270ea,1,female,24.0,1,0,26.0,Second,Southampton
10ec8f67-87c3-461d-a760-209f89542fb0,0,male,54.0,0,0,14.0,Second,Southampton
db48e944-42cd-40ed-b261-33cc05a257fb,1,female,31.0,0,2,164.8667,First,Southampton
1e9ba4f5-a731-42ec-bad3-cee1c77ffb21,1,female,40.0,1,1,134.5,First,Cherbourg
f0f4e265-8d39-4dd8-bc66-9b1a63da3514,0,male,22.0,0,0,7.25,Third,Southampton
eea2c3a1-8bd5-4a9a-8d4a-fae3891ee702,0,male,27.0,0,0,7.8958,Third,Southampton
c043fcf4-864d-48f5-a469-cf8ff6a4833b,1,female,30.0,0,0,12.35,Second,Queenstown
44b7bbdc-b7fb-4fcd-9edf-76b505541279,1,female,22.0,1,1,29.0,Second,Southampton
af904c95-8507-457a-b0f4-eafddf651295,0,male,,8,2,69.55,Third,Southampton
cbebc1e9-fab7-467f-99b8-05b3c2c4848a,1,female,36.0,0,0,135.6333,First,Cherbourg
90354024-57af-4a6e-8217-24c224775db8,0,male,61.0,0,0,6.2375,Third,Southampton
fb7deeeb-49a2-436c-bb92-eb87db23ed0f,1,female,36.0,0,0,13.0,Second,Southampton
dec745de-0e10-4840-ab23-330715304fc0,1,female,31.0,1,1,20.525,Third,Southampton
47368fa9-3ddb-4ed0-b631-388279b491e0,1,female,16.0,0,1,57.9792,First,Cherbourg
27daa880-4834-490b-8f33-36402de3749e,1,female,,2,0,23.25,Third,Queenstown
19b0cd2c-9739-4e4c-824a-a392ea8ecdb9,0,male,45.5,0,0,28.5,First,Southampton
92c06ef1-1a16-4d82-b978-0bd96e55067b,0,male,38.0,0,1,153.4625,First,Southampton
29ded2f3-282c-4be0-a74f-234f4467d8ae,0,male,16.0,2,0,18.0,Third,Southampton
a07b7eb8-7b9a-44cb-b2fc-87e7ba6ed763,1,female,,1,0,133.65,First,Southampton
85018580-1c08-4509-9789-ef86129ab828,0,male,,0,0,7.8958,Third,Southampton
8727971f-51bc-429f-869a-b86366fb174a,0,male,29.0,1,0,66.6,First,Southampton
9b1250eb-00ca-43ff-b4aa-babf9ba62203,1,female,41.0,0,0,134.5,First,Cherbourg
511df5a8-3cb2-4458-891a-2de0b8ed750f,1,male,45.0,0,0,8.05,Third,Southampton
c82adf88-53d2-47b7-b2ad-48f873639391,0,male,45.0,0,0,35.5,First,Southampton
6f7006c1-f919-49c0-982d-497da6e75e5d,1,male,2.0,1,1,26.0,Second,Southampton
c52f3111-c5bf-49fe-8958-ef1f4e88eaef,1,female,24.0,3,2,263.0,First,Southampton
852f06c0-afc9-4b8a-8e6a-a3c422ceaea1,0,male,28.0,0,0,13.0,Second,Southampton
005eeee0-731c-4140-8173-7e320708fc8b,0,male,25.0,0,0,13.0,Second,Southampton
31df171d-97fd-4773-801d-f9b3ad6581b2,0,male,36.0,0,0,13.0,Second,Southampton
bb0b2d7f-d6ab-4adf-bf45-bef47e8213f3,1,female,24.0,0,0,13.0,Second,Southampton
af285ad9-dda8-4797-bfcf-300dcbefc128,1,female,40.0,0,0,13.0,Second,Southampton
d1b267ac-80c7-422c-80d7-7c189de766af,1,female,,1,0,16.1,Third,Southampton
4b1fb286-98e1-4fd7-9484-3b252b25f427,1,male,3.0,1,1,15.9,Third,Southampton
230a0f0c-cd01-4b0c-823e-e47883b579d4,0,male,42.0,0,0,8.6625,Third,Southampton
9df4a6b5-02b9-4132-a368-270d2c8fed48,0,male,23.0,0,0,9.225,Third,Southampton
78b68dc8-44e0-4baa-b576-5d1c54e4ca85,0,male,,0,0,35.0,First,Southampton
511d82f4-7377-4e92-b354-1fb4d7493d9b,0,male,15.0,1,1,7.2292,Third,Cherbourg
0abaf294-ab59-4fd9-9eeb-864f41c5b2f5,0,male,25.0,1,0,17.8,Third,Southampton
2d0cfff8-cf67-4d8b-9406-8d04586b218d,0,male,,0,0,7.225,Third,Cherbourg
455126a5-e8f9-4a97-827f-7823020e7d4c,0,male,28.0,0,0,9.5,Third,Southampton
2d207d0f-b1f2-409b-9f67-430f3f68948d,1,female,22.0,0,1,55.0,First,Southampton
0d8ebedd-b0e2-4fcb-aba3-448d506f3fe5,0,female,38.0,0,0,13.0,Second,Southampton
20268029-14f8-4b28-96f5-d4215e18c2f9,1,female,,0,0,7.8792,Third,Queenstown
baa9b8a1-7ede-47be-98c7-0fca5241de3a,1,female,,0,0,7.8792,Third,Queenstown
896c3dda-9929-4143-81ae-61b786758e38,0,male,40.0,1,4,27.9,Third,Southampton
083c1eca-eac2-4ad1-ac08-871ec656e876,0,male,29.0,1,0,27.7208,Second,Cherbourg
b667f770-9b18-4a5a-8e73-c8fa9ff5cda9,0,female,45.0,0,1,14.4542,Third,Cherbourg
98fe8a0d-632b-4f50-86a3-8559d3a21563,0,male,35.0,0,0,7.05,Third,Southampton
3b3ab140-9565-469d-b659-29775f9719a1,0,male,,1,0,15.5,Third,Queenstown
3f0c1a88-8f16-4eae-bcf9-8bbb59e2e112,0,male,30.0,0,0,7.25,Third,Southampton
a3ecdaf4-6dd1-47c0-a577-5d5add42b68a,1,female,60.0,1,0,75.25,First,Cherbourg
becc318b-de24-461a-a5fc-13fac0b4d2cd,1,female,,0,0,7.2292,Third,Cherbourg
98bd5288-8621-410b-bd85-805ec9831947,1,female,,0,0,7.75,Third,Queenstown
c87ab31e-9b24-47e1-a385-0f3f5e586fed,1,female,24.0,0,0,69.3,First,Cherbourg
cbcd4f7f-232d-4740-a86d-03db90c2b002,1,male,25.0,1,0,55.4417,First,Cherbourg
39d02e50-c379-4113-8a33-362209ace2a8,0,male,18.0,1,0,6.4958,Third,Southampton
5cc5ffeb-b078-463a-9ab5-31fbc3ff860e,0,male,19.0,0,0,8.05,Third,Southampton
1838afd3-95e6-47c4-89de-73717832ecc1,0,male,22.0,0,0,135.6333,First,Cherbourg
88e55a62-1eab-44f7-be2e-f4cb39398f41,0,female,3.0,3,1,21.075,Third,Southampton
68574cb6-c06b-48f3-9070-ce776e3d52f0,1,female,,1,0,82.1708,First,Cherbourg
31280f8b-bdfd-4aa6-b1cc-fc76f5f83ae3,1,female,22.0,0,0,7.25,Third,Southampton
ddadba8c-1ad7-4a73-b0f7-338bb4d62337,0,male,27.0,0,2,211.5,First,Cherbourg
604905e9-3d13-4fbb-b13c-81547e5e7b25,0,male,20.0,0,0,4.0125,Third,Cherbourg
de439914-ddaf-4c88-9bd0-1c7078fa81e9,0,male,19.0,0,0,7.775,Third,Southampton
a561a16f-9fd1-4a36-b341-0791bf296900,1,female,42.0,0,0,227.525,First,Cherbourg
3dd47fc6-a8de-41c2-843c-679d5f828f7a,1,female,1.0,0,2,15.7417,Third,Cherbourg
f28f1ad8-4281-40b9-a4dc-b5b0b07576cf,0,male,32.0,0,0,7.925,Third,Southampton
c0412cb3-4ec9-4a5d-bbc7-e79426d7da8e,1,female,35.0,1,0,52.0,First,Southampton
1b2e838a-47cb-45b1-a15a-acd60beaa070,0,male,,0,0,7.8958,Third,Southampton
675ab586-f756-4c81-b27b-cd40546b2d70,0,male,18.0,0,0,73.5,Second,Southampton
41268d5d-46fc-4147-bbfa-6439e2983529,0,male,1.0,5,2,46.9,Third,Southampton
99f01bbf-cac9-4830-b68a-8286f69280b2,1,female,36.0,0,0,13.0,Second,Southampton
61049d33-44ee-4fd3-b9a5-3cfafd76c60b,0,male,,0,0,7.7292,Third,Queenstown
f84e7e87-4f2b-4b13-b9d1-e6f6e38d4c46,1,female,17.0,0,0,12.0,Second,Cherbourg
58333812-d7fa-485a-bcf2-aa8633ef2046,1,male,36.0,1,2,120.0,First,Southampton
ee4242a3-c919-4e29-a9bb-454b35a86735,1,male,21.0,0,0,7.7958,Third,Southampton
13ecb03d-2d6b-4d9d-8874-0f2f03bf1216,0,male,28.0,2,0,7.925,Third,Southampton
84e19320-77b0-4d07-899d-eeea08232255,1,female,23.0,1,0,113.275,First,Cherbourg
cda488e0-75c2-45c4-be2a-1251cc01c2a4,1,female,24.0,0,2,16.7,Third,Southampton
ca7606b5-3ec0-4dba-b7b8-7ef1eddc232d,0,male,22.0,0,0,7.7958,Third,Southampton
74bb4d61-e2d8-4a69-af81-a146cc24264c,0,female,31.0,0,0,7.8542,Third,Southampton
7d44b3c7-9b4a-4a97-b493-c46dc4926be3,0,male,46.0,0,0,26.0,Second,Southampton
c9b2d6fc-9951-46c2-a8e7-0297f6897da1,0,male,23.0,0,0,10.5,Second,Southampton
b30ce5cb-8dd9-4e1f-9f44-18450d8fa3e4,1,female,28.0,0,0,12.65,Second,Southampton
664b0e20-26d7-48e2-90b3-122085355618,1,male,39.0,0,0,7.925,Third,Southampton
5c026f30-4783-4063-a601-a0a312ac8aed,0,male,26.0,0,0,8.05,Third,Southampton
fcf07c16-653f-49f8-b41d-848d654433fb,0,female,21.0,1,0,9.825,Third,Southampton
7345d8ef-59aa-4faa-89b9-97aa8654d4cc,0,male,28.0,1,0,15.85,Third,Southampton
55bca8a4-87d8-4b48-a174-b7f1b5dd199e,0,female,20.0,0,0,8.6625,Third,Southampton
42a76ed4-a481-4bc8-a686-4d11decdf0e7,0,male,34.0,1,0,21.0,Second,Southampton
71ffc2d4-24ee-4619-bc7c-2d2f1e2fbadd,0,male,51.0,0,0,7.75,Third,Southampton
a6235481-35b7-4d55-8e8d-c835e18f2ee1,1,male,3.0,1,1,18.75,Second,Southampton
afc45a57-2a01-4af4-b9da-40d6f715673d,0,male,21.0,0,0,7.775,Third,Southampton
4f778677-d96a-4f11-bfcb-b9770433f5a5,0,female,,3,1,25.4667,Third,Southampton
83ab6aff-1113-4feb-8e5f-ac650c053d28,0,male,,0,0,7.8958,Third,Southampton
49aab7b3-b9fa-4464-a1d6-6ac016b4dba6,0,male,,0,0,6.8583,Third,Queenstown
b22a228c-7c01-48b8-924a-1e0a14066e83,1,female,33.0,1,0,90.0,First,Queenstown
d4926df7-7ab7-44ec-96a7-f03e11027b0d,0,male,,0,0,0.0,Second,Southampton
698888c6-c7f7-43fc-abf3-88129f8762c9,1,male,44.0,0,0,7.925,Third,Southampton
18b98621-03cb-4228-ab3e-3ab9ec47fdf2,0,female,,0,0,8.05,Third,Southampton
c17f2221-85c1-4a3c-baf6-2d202824766c,1,female,34.0,1,1,32.5,Second,Southampton
d4f61f31-b725-4fa5-8a86-5e86c3f493c0,1,female,18.0,0,2,13.0,Second,Southampton
931b2f70-5279-42ea-b076-13bab6689ec6,0,male,30.0,0,0,13.0,Second,Southampton
c237144b-611d-4914-b5d8-dff7443530ac,0,female,10.0,0,2,24.15,Third,Southampton
5a8f955c-cace-4447-8536-683ef60c0f00,0,male,,0,0,7.8958,Third,Cherbourg
6a9a4d5c-3de7-44b1-b0c3-f55746f8ff4b,0,male,21.0,0,0,7.7333,Third,Queenstown
9a6065e0-3615-46d0-8036-1e07e3b65322,0,male,29.0,0,0,7.875,Third,Southampton
fa44a6d6-89ce-4e70-90c2-275d4ba140fe,0,female,28.0,1,1,14.4,Third,Southampton
21a43831-60ac-48cf-b3d3-1dd8b7045520,0,male,18.0,1,1,20.2125,Third,Southampton
b8c0809a-ac20-49ce-94c0-56909ca70624,0,male,,0,0,7.25,Third,Southampton
ef8aea1a-2cef-47e2-8648-8febbd8bd5db,1,female,28.0,1,0,26.0,Second,Southampton
6b7055d9-d10f-4de9-a5c0-1d39eb7ea09e,1,female,19.0,0,0,26.0,Second,Southampton
659b1d42-d0c3-4571-b569-0219d7833c16,0,male,,0,0,7.75,Third,Queenstown
7c64f7fe-0a74-42b4-81a7-491325a59196,1,male,32.0,0,0,8.05,Third,Southampton
a42294f1-7acf-4d4e-8a28-5d44ad4c9add,1,male,28.0,0,0,26.55,First,Southampton
3476ac7e-2051-4bce-aebd-07c7197f1d26,1,female,,1,0,16.1,Third,Southampton
b817973f-f9cc-40e9-8390-7b48164ff803,1,female,42.0,1,0,26.0,Second,Southampton
f77e716b-3025-40c5-9a4a-8462fc3aa7f4,0,male,17.0,0,0,7.125,Third,Southampton
efa0fd1b-81cc-49e5-a1ba-d78aa918c51c,0,male,50.0,1,0,55.9,First,Southampton
f8fe5561-7113-4fbd-b65f-efac8f0432b1,1,female,14.0,1,2,120.0,First,Southampton
ada1154b-3aaa-4225-8890-017395d33ff8,0,female,21.0,2,2,34.375,Third,Southampton
494e2491-7f24-48f1-9df6-32bc52de36ca,1,female,24.0,2,3,18.75,Second,Southampton
0b9f6b66-463a-4ba3-b490-400f1511dd5b,0,male,64.0,1,4,263.0,First,Southampton
f11bfd68-f7dc-4c65-b0b7-216720460014,0,male,31.0,0,0,10.5,Second,Southampton
5f9b5cfe-e2af-427d-bd61-37a8fd9d6f24,1,female,45.0,1,1,26.25,Second,Southampton
a197d71e-412b-4f74-b4b2-7b5f4095fa81,0,male,20.0,0,0,9.5,Third,Southampton
83d10f87-e7dc-4ffc-a574-708582de8723,0,male,25.0,1,0,7.775,Third,Southampton
14623d72-5795-4ba9-adb0-a4e897dfa75d,1,female,28.0,0,0,13.0,Second,Southampton
0a071ef8-1e76-4ffb-ad13-1a7fa6504f60,1,male,,0,0,8.1125,Third,Southampton
6da624f8-c703-41b3-b8cf-1a0b893b7291,1,male,4.0,0,2,81.8583,First,Southampton
a9af85da-ef6a-45a4-b348-9b651406c3e4,1,female,13.0,0,1,19.5,Second,Southampton
58aaa39f-f592-419f-a948-d7e6c3154db2,1,male,34.0,0,0,26.55,First,Southampton
744bd839-601b-46f2-93d8-c4dc045c41a8,1,female,5.0,2,1,19.2583,Third,Cherbourg
cb0211a5-32c7-4d6e-a0bc-dc246ca2ea42,1,male,52.0,0,0,30.5,First,Southampton
9abd5490-3abf-460c-84b0-50e17875d2ae,0,male,36.0,1,2,27.75,Second,Southampton
612b39d2-fec6-43e8-93da-3f7b510aac8b,0,male,,1,0,19.9667,Third,Southampton
4ca88a54-c286-429d-acca-42d1219b7798,0,male,30.0,0,0,27.75,First,Cherbourg
ae0fc7d3-c888-4cfc-8c61-3330b40382fd,1,male,49.0,1,0,89.1042,First,Cherbourg
3d08e1cf-c986-47d7-86dd-8d6090473d2e,0,male,,0,0,8.05,Third,Southampton
debb9d9e-55f6-44ad-b67d-ddb5ff3bbf52,1,male,29.0,0,0,7.8958,Third,Cherbourg
2389214f-96fb-416d-b8fb-f20d8dccc24c,0,male,65.0,0,0,26.55,First,Southampton
0a40608b-c19f-4cad-993d-2b871a0069f3,1,female,,1,0,51.8625,First,Southampton
0d967646-b5ba-4a4f-93a2-36c44162a02a,1,female,50.0,0,0,10.5,Second,Southampton
1bd90ee8-b9af-474f-a733-7c8dbd6094bb,0,male,,0,0,7.75,Third,Queenstown
a67533d8-bc36-408c-b81c-a9252ef36e5d,1,male,48.0,0,0,26.55,First,Southampton
e1b08454-9358-4023-90d2-69c6375126b7,0,male,34.0,0,0,8.05,Third,Southampton
81c48141-9e81-4647-8a14-6267ab179762,0,male,47.0,0,0,38.5,First,Southampton
670d8b75-43ad-4c77-8952-92148a3e719d,0,male,48.0,0,0,13.0,Second,Southampton
ed91464f-7fe2-4663-bad1-15f3796cff00,0,male,,0,0,8.05,Third,Southampton
322fe408-1c80-4b19-a9f3-fdb4eeadb6a2,0,male,38.0,0,0,7.05,Third,Southampton
ee91bff4-7390-458c-8698-4a58076e71b3,0,male,,0,0,0.0,Second,Southampton
001c43f2-cc62-405f-bc6b-32fe01ac690e,0,male,56.0,0,0,26.55,First,Southampton
e9e05eff-3786-4013-89b8-29242917c148,0,male,,0,0,7.725,Third,Queenstown
ef387ca4-6e85-45e7-99cd-5ad256b18f15,1,female,0.75,2,1,19.2583,Third,Cherbourg
132a4a4b-3103-498c-b4ba-b5fe15f165a7,0,male,,0,0,7.25,Third,Southampton
ad1c43ed-e3de-4430-94a9-8e2a9ce8648d,0,male,38.0,0,0,8.6625,Third,Southampton
7f2ec8b1-0832-47f6-9ab4-1780f07f8914,1,female,33.0,1,2,27.75,Second,Southampton
e734bdf6-75b0-44f0-816f-472516d26330,1,female,23.0,0,0,13.7917,Second,Cherbourg
259299da-d2c3-4971-a213-534efb61dc32,0,female,22.0,0,0,9.8375,Third,Southampton
65d0abcc-95bc-4da0-8ffc-9108eb7ce11f,0,male,,0,0,52.0,First,Southampton
38bd401c-951f-4130-850d-e24d30b7c96d,0,male,34.0,1,0,21.0,Second,Southampton
42bb918b-5f57-4a46-a9ff-e688cd2adf3c,0,male,29.0,1,0,7.0458,Third,Southampton
daea5103-78da-4b55-9c9e-bb8d5622f8a5,0,male,22.0,0,0,7.5208,Third,Southampton
7427f949-510c-49cb-92c7-8949442ad035,1,female,2.0,0,1,12.2875,Third,Southampton
ecff2300-ac2b-44f2-ab87-470fb84f1db9,0,male,9.0,5,2,46.9,Third,Southampton
d237ffd6-5ba0-46ee-aed3-e56f855a815b,0,male,,0,0,0.0,Second,Southampton
27f032da-7a80-4159-ba89-fa0a064dd65d,0,male,50.0,0,0,8.05,Third,Southampton
5e869e0b-85b6-427e-a946-9c8fbdf0e62d,1,female,63.0,0,0,9.5875,Third,Southampton
8def8961-38ce-415c-a7ee-67d391816347,1,male,25.0,1,0,91.0792,First,Cherbourg
f045f4c5-3c44-4e74-848b-46613040b830,0,female,,3,1,25.4667,Third,Southampton
15c7db18-35be-40bb-98ee-677070aefada,1,female,35.0,1,0,90.0,First,Southampton
f34b42ed-5cc5-4f0e-9f31-eaed2e6046a2,0,male,58.0,0,0,29.7,First,Cherbourg
b6d7c8ab-2863-467e-87e2-f425889bfe80,0,male,30.0,0,0,8.05,Third,Southampton
a80a3126-e002-42cd-9821-c6c62cd1b876,1,male,9.0,1,1,15.9,Third,Southampton
cd236b87-5f61-416d-96f3-056f83a9a6e6,0,male,,1,0,19.9667,Third,Southampton
7ec52754-c6d2-4e9d-9d7e-2e7565891a91,0,male,21.0,0,0,7.25,Third,Southampton
aef5773f-8704-4315-994a-412d555bba31,0,male,55.0,0,0,30.5,First,Southampton
e2459d47-b6f7-43fe-9a58-8f9366ac90d9,0,male,71.0,0,0,49.5042,First,Cherbourg
d5ea71aa-810e-423d-a43b-f0334fde23c3,0,male,21.0,0,0,8.05,Third,Southampton
5127b43c-2287-4334-8e5f-6223bcb1b5ad,0,male,,0,0,14.4583,Third,Cherbourg
fe237248-3145-49c3-873a-23103a548d48,1,female,54.0,1,0,78.2667,First,Cherbourg
e6ad54d8-c647-4d81-b7a7-bec10adba6f3,0,male,,0,0,15.1,Third,Southampton
593b1287-935b-4a99-8b30-8702e67f4d3e,0,female,25.0,1,2,151.55,First,Southampton
c6052c47-f9aa-49ef-8ea0-bd0cc31c6808,0,male,24.0,0,0,7.7958,Third,Southampton
d8d938e1-1396-4c3c-890a-df58b8659d79,0,male,17.0,0,0,8.6625,Third,Southampton
80a0f31f-a62f-435a-b1fd-3a09d70793a8,0,female,21.0,0,0,7.75,Third,Queenstown
5ccad55e-577d-4a90-ad6d-47eda35b9f48,0,female,,0,0,7.6292,Third,Queenstown
d5ecd80e-9acd-41e1-bf53-9a17e2de63b3,0,female,37.0,0,0,9.5875,Third,Southampton
2a9c1ecc-8e1a-4ad6-a24a-038ea3cdfc1e,1,female,16.0,0,0,86.5,First,Southampton
55515663-0335-4a0c-b3d5-09b587f0f673,0,male,18.0,1,0,108.9,First,Cherbourg
b9517549-89c3-4567-9569-1ad6cc09012f,1,female,33.0,0,2,26.0,Second,Southampton
403d6cdf-1639-42df-8e7d-2eb1a66c225e,1,male,,0,0,26.55,First,Southampton
90d25042-a734-46be-9617-5d6718874506,0,male,28.0,0,0,22.525,Third,Southampton
f99c2813-61c7-4efc-8f2c-2620633b434d,1,male,26.0,0,0,56.4958,Third,Southampton
6daecf0e-63d7-4202-b76e-f07b4ea4cc63,1,male,29.0,0,0,7.75,Third,Queenstown
e3956e6b-11e8-434b-b941-744c6d2ddce2,0,male,,0,0,8.05,Third,Southampton
932d4b64-f6ab-42e6-bec1-803e9cfc84bf,1,male,36.0,0,0,26.2875,First,Southampton
fb542ce8-af5b-49de-94d1-12e80b50f924,1,female,54.0,1,0,59.4,First,Cherbourg
d68cd073-5468-4382-8db8-231257b4dca9,0,male,24.0,0,0,7.4958,Third,Southampton
bcb89255-a09e-4dc7-b744-04651360ba43,0,male,47.0,0,0,34.0208,First,Southampton
8dea0a73-a9ac-4624-a8c6-259ac1b88969,1,female,34.0,0,0,10.5,Second,Southampton
ca043290-9daf-4804-90c3-4272a0c511f9,0,male,,0,0,24.15,Third,Queenstown
6c67285b-10e5-4edf-811c-fd376249dd50,1,female,36.0,1,0,26.0,Second,Southampton
515105de-98d9-4915-ad46-c58b3b96392e,0,male,32.0,0,0,7.8958,Third,Southampton
8341fc7b-7198-4c74-87b9-6554268ac7c0,1,female,30.0,0,0,93.5,First,Southampton
c4ed6c20-af04-4952-8781-1999a82cb49f,0,male,22.0,0,0,7.8958,Third,Southampton
6291c77d-d871-4de0-8ac1-8ed0ffaae5df,0,male,,0,0,7.225,Third,Cherbourg
fc6c13db-b1a4-467e-887e-f8caa4596fb1,1,female,44.0,0,1,57.9792,First,Cherbourg
9cdfeadd-d9c9-448a-8f29-ad9ef6807143,0,male,,0,0,7.2292,Third,Cherbourg
d6b7f069-a635-4691-be26-b5959ab566dc,0,male,40.5,0,0,7.75,Third,Queenstown
774ae766-a9e1-4f52-8cfc-56f7e49a5bcc,1,female,50.0,0,0,10.5,Second,Southampton
a98c153f-8b84-4b02-a5e6-92b98b2dec97,0,male,,0,0,221.7792,First,Southampton
3c40d606-5944-4854-a1b3-7dbb9debaaaf,0,male,39.0,0,0,7.925,Third,Southampton
71a5c415-d662-4512-8bc5-66f35cb2dfcf,0,male,23.0,2,1,11.5,Second,Southampton
5d1b0be9-40bc-4402-a91a-e05e10d4df69,1,female,2.0,1,1,26.0,Second,Southampton
52921ad0-8b7d-48bf-9e6c-82cca2b7f075,0,male,,0,0,7.2292,Third,Cherbourg
c4491562-0de9-4a4f-89c1-fc6c6dc7d4c4,0,male,17.0,1,1,7.2292,Third,Cherbourg
1ef93ec3-71a6-4a57-8eae-9cf21da604e9,1,female,,0,2,22.3583,Third,Cherbourg
d1792618-9834-409a-9176-c848c5c7df71,0,female,30.0,0,0,8.6625,Third,Southampton
15722b1e-68ab-4052-929e-2c017a2cb038,1,female,7.0,0,2,26.25,Second,Southampton
5e3de18a-a91f-4db6-a1ef-f0ea036b33e0,0,male,45.0,0,0,26.55,First,Southampton
1a8d5f09-27a5-4869-94fc-b21659a500c9,1,female,30.0,0,0,106.425,First,Cherbourg
f1dd68c2-f0d2-4f71-ae7e-11080e9f424c,0,male,,0,0,14.5,Third,Southampton
6f799d81-7b00-4e96-b812-0cc8ac207331,1,female,22.0,0,2,49.5,First,Cherbourg
e5eec2a7-278b-4e6c-b63e-1ceaf3837709,1,female,36.0,0,2,71.0,First,Southampton
856bf04d-39f1-455b-a779-753d5728abf6,0,female,9.0,4,2,31.275,Third,Southampton
fa609fa3-49dc-48d2-ba57-2f1fc88c93c1,0,female,11.0,4,2,31.275,Third,Southampton
5511c010-c7ca-4161-819b-1b4e7593d1ad,1,male,32.0,1,0,26.0,Second,Southampton
babc18bd-6d7a-45e5-9d70-8ae66809c791,0,male,50.0,1,0,106.425,First,Cherbourg
252f50c5-e7b3-43cc-bfdc-bb55a3dd52b5,0,male,64.0,0,0,26.0,First,Southampton
7d06de0e-72af-4224-94b9-c7ec303319a4,1,female,19.0,1,0,26.0,Second,Southampton
ba25af40-2ef1-4e07-a184-a9c17db6e0f3,1,male,,0,0,13.8625,Second,Cherbourg
7cabf9d3-e015-4c00-a553-796982684073,0,male,33.0,1,1,20.525,Third,Southampton
2cb6e2c2-2c90-434a-a032-2de8a8937464,1,male,8.0,1,1,36.75,Second,Southampton
7a07ec31-a27d-4d14-b9cd-e24bef8b97ba,1,male,17.0,0,2,110.8833,First,Cherbourg
e38ab92e-d798-46e6-b317-7b81aab5a891,0,male,27.0,0,0,26.0,Second,Southampton
884cd65c-c9c5-4b24-ab5d-ddc4a26cef0d,0,male,,0,0,7.8292,Third,Queenstown
ae51b3b9-3b00-4eff-a156-1c125cdca1c0,1,male,22.0,0,0,7.225,Third,Cherbourg
bc2896f9-5faa-45fe-b0da-d700395632d6,1,female,22.0,0,0,7.775,Third,Southampton
bc2e92ab-4806-487b-9ec5-f78763bcb4ca,0,male,62.0,0,0,26.55,First,Southampton
4dc96c92-2378-4900-85bb-dca8e98da782,1,female,48.0,1,0,39.6,First,Cherbourg
e5258ffa-cdab-4f50-a737-0c8de88366d2,0,male,,0,0,227.525,First,Cherbourg
b6468ce0-a5fe-4fdd-b442-c5c36a92c5d7,1,female,39.0,1,1,79.65,First,Southampton
1afeb328-e30f-43de-a13b-f4cded1e865c,1,female,36.0,1,0,17.4,Third,Southampton
8779e90d-0931-4d76-9ed5-4ee1515d93e7,0,male,,0,0,7.75,Third,Queenstown
73d52533-3515-491b-8b40-9b6df1367777,0,male,40.0,0,0,7.8958,Third,Southampton
833ee236-a920-45e0-ab7c-1e1727b00819,0,male,28.0,0,0,13.5,Second,Southampton
c219299a-67c0-4fe2-a25b-be164fc911bf,0,male,,0,0,8.05,Third,Southampton
e67a43fb-b5a1-41fa-861a-9b060ac7b8ca,0,female,,0,0,8.05,Third,Southampton
89f55541-1ea4-4fbe-a3f3-e0491a59d774,0,male,24.0,2,0,24.15,Third,Southampton
0830a232-a45b-415c-a6d7-113a3ef01be4,0,male,19.0,0,0,7.8958,Third,Southampton
d51e5cfb-6059-4bbc-af44-2a078fb145b3,0,female,29.0,0,4,21.075,Third,Southampton
82429d44-fe1e-4713-92db-77d809aac389,0,male,,0,0,7.2292,Third,Cherbourg
ee0a0960-a500-4735-a8b4-537f3204f0b7,1,male,32.0,0,0,7.8542,Third,Southampton
9b6abcc9-eab7-4110-858e-f614511015b1,1,male,62.0,0,0,10.5,Second,Southampton
addd7ae0-fdc3-4388-b741-799fceb880c9,1,female,53.0,2,0,51.4792,First,Southampton
34d506f2-a146-49f0-8f11-232b4810d53d,1,male,36.0,0,0,26.3875,First,Southampton
061b5813-4c4d-4478-a4f8-294410f96702,1,female,,0,0,7.75,Third,Queenstown
7919734d-ddf0-4457-95bc-d9283b044630,0,male,16.0,0,0,8.05,Third,Southampton
3ca9e505-31c1-40a4-b116-fb5968a5d16e,0,male,19.0,0,0,14.5,Third,Southampton
54502940-84dc-43ab-a072-6a82b63645e6,1,female,34.0,0,0,13.0,Second,Southampton
f5756dea-a57d-4473-9d57-dd2d5c0bba5d,1,female,39.0,1,0,55.9,First,Southampton
82c7da37-5ebb-4778-96c0-b2af60073c8e,0,female,,1,0,14.4583,Third,Cherbourg
09a54e7b-ac59-4315-87e6-47bca1f164d9,1,male,32.0,0,0,7.925,Third,Southampton
ce401257-3bcb-4662-a24e-0ab178552139,1,female,25.0,1,1,30.0,Second,Southampton
cd3e01ae-0a1a-4080-b18b-22652068088c,1,female,39.0,1,1,110.8833,First,Cherbourg
c2f43d57-9301-4bae-a4ec-0bb4501f2ff6,0,male,54.0,0,0,26.0,Second,Southampton
9350e810-d5f2-46b4-9df6-05babbd32c26,0,male,36.0,0,0,40.125,First,Cherbourg
daa7ba3c-3896-4aee-8f2a-90d3b18e9662,0,male,,0,0,8.7125,Third,Cherbourg
40df8135-5c3d-4154-8bad-e2c8e71beb9a,1,female,18.0,0,2,79.65,First,Southampton
d0d60b89-11e3-4f3e-b51a-98b82f112a42,0,male,47.0,0,0,15.0,Second,Southampton
69481fff-9fec-4446-a6a7-2b1eb831fccf,1,male,60.0,1,1,79.2,First,Cherbourg
9c3c7b1f-9bf2-4a7e-ad7c-a221237400f5,0,male,22.0,0,0,8.05,Third,Southampton
bf180a6e-7394-4cf3-ad0a-7d03635a133e,0,male,,0,0,8.05,Third,Southampton
02bec0a1-d2d8-4673-86da-ab232e8fbf06,0,male,35.0,0,0,7.125,Third,Southampton
55696e7b-a45f-438c-afe0-d319481854a8,1,female,52.0,1,0,78.2667,First,Cherbourg
c5f6b11d-0942-490f-9375-e014d2125741,0,male,47.0,0,0,7.25,Third,Southampton
b276a238-d16f-4fb0-88b3-f8de9097c51d,0,female,,0,2,7.75,Third,Queenstown
a15be2f6-beb8-458f-b9df-31f345bd24c1,0,male,37.0,1,0,26.0,Second,Southampton
1a16cd67-4d23-4066-ac69-83f118142ebf,0,male,36.0,1,1,24.15,Third,Southampton
cc0accdc-f421-45de-a472-456ed5d530d4,1,female,,0,0,33.0,Second,Southampton
96c2f5a2-00f3-4c72-8dd2-8f0b0c3f5eb6,0,male,49.0,0,0,0.0,Third,Southampton
48134b54-2e41-4acf-9cee-7bff0c2f979d,0,male,,0,0,7.225,Third,Cherbourg
2e461249-ec0d-4aa1-9143-9458176271bb,1,male,49.0,1,0,56.9292,First,Cherbourg
5259e88a-4fa9-4a24-9454-ff407b64b818,1,female,24.0,2,1,27.0,Second,Southampton
30244b85-ad6a-4855-bdcf-98d81b7a6461,0,male,,0,0,7.8958,Third,Southampton
84505105-0dd6-4a47-aacc-892309d3563e,0,male,,0,0,42.4,First,Southampton
609dbb15-a5d9-4142-8f1a-2ea9f82b8798,0,male,44.0,0,0,8.05,Third,Southampton
bd3fc6ca-b253-4911-a775-d7a8b499f4f6,1,male,35.0,0,0,26.55,First,Cherbourg
370cc060-816d-493a-87ae-4b9e3aafba2e,0,male,36.0,1,0,15.55,Third,Southampton
6c64dfbe-5b3f-4a65-b2e4-6403ae91da72,0,male,30.0,0,0,7.8958,Third,Southampton
5c07d296-7900-4248-956c-d47bee1eb9d8,1,male,27.0,0,0,30.5,First,Southampton
298921b5-4c9a-447f-b38a-566d22a0b1fc,1,female,22.0,1,2,41.5792,Second,Cherbourg
1443b124-cafa-418e-b3f9-87a1947f0c58,1,female,40.0,0,0,153.4625,First,Southampton
1d8577ca-3c6f-4009-9b0b-91eacfa33811,0,female,39.0,1,5,31.275,Third,Southampton
79cedad5-ff45-46d1-bb1a-1cd608fcdf94,0,male,,0,0,7.05,Third,Southampton
dbbd6947-c8c7-4af1-b69b-e7c45557f837,1,female,,1,0,15.5,Third,Queenstown
b319b337-1366-45e4-857b-0b7a1900efc0,0,male,,0,0,7.75,Third,Queenstown
38e2a4c3-3fe4-4153-bb5c-93edb82417b0,0,male,35.0,0,0,8.05,Third,Southampton
1b554c7d-4707-4531-a835-8332457ad144,1,female,24.0,1,2,65.0,Second,Southampton
4358d898-ebb1-4e5a-91fb-d64d07d987b1,0,male,34.0,1,1,14.4,Third,Southampton
dddf368c-9457-4296-8bc2-cdafacd047bf,0,female,26.0,1,0,16.1,Third,Southampton
07443518-8ebd-4196-971e-cf1492a56bf9,1,female,4.0,2,1,39.0,Second,Southampton
274e0ad9-b729-475b-8577-138dfc5f44bd,0,male,26.0,0,0,10.5,Second,Southampton
4d4c27a0-6e9e-4259-8d9d-e7e7465866ce,0,male,27.0,1,0,14.4542,Third,Cherbourg
b9928aa8-4dac-4007-8ea9-a56bc995b551,1,male,42.0,1,0,52.5542,First,Southampton
9128e27d-fdef-4801-acd4-2c585cbb3903,1,male,20.0,1,1,15.7417,Third,Cherbourg
eaeeec33-5dfc-4dd5-844b-b5d3713eb3ba,0,male,21.0,0,0,7.8542,Third,Southampton
4c04a538-3e93-460a-adec-9bdf26cd1cf2,0,male,21.0,0,0,16.1,Third,Southampton
0c011bfb-3dde-4ee5-b23c-aff8f686014e,0,male,61.0,0,0,32.3208,First,Southampton
1bd902ec-b0d1-466a-8c0e-3a89130072bf,0,male,57.0,0,0,12.35,Second,Queenstown
1ed4a557-c719-4e4c-862f-adeaa8835838,1,female,21.0,0,0,77.9583,First,Southampton
bea2edf7-5ee0-4f4c-a5cf-44c4cccd3715,0,male,26.0,0,0,7.8958,Third,Southampton
ca579ea0-477b-4b5b-b6cf-c77bdcfe462c,0,male,,0,0,7.7333,Third,Queenstown
5b8e5a92-9a7c-4292-b2bf-b1e291675817,1,male,80.0,0,0,30.0,First,Southampton
ae896056-4160-4e77-92a3-eccd7c906a60,0,male,51.0,0,0,7.0542,Third,Southampton
638d06e5-0b64-4cbb-b11d-e10265f47a90,1,male,32.0,0,0,30.5,First,Cherbourg
2b0e16ce-7372-4772-827e-c581922109ee,0,male,,0,0,0.0,First,Southampton
976a2adf-89fb-48c4-9811-ed1df7a0dabd,0,female,9.0,3,2,27.9,Third,Southampton
d67593ab-aae3-4d75-a2a0-8d0f2c2eced0,1,female,28.0,0,0,13.0,Second,Southampton
55eb351b-0396-4af7-8ce6-47700721c14a,0,male,32.0,0,0,7.925,Third,Southampton
01cf06aa-8d67-4e86-b53f-1537ef72687b,0,male,31.0,1,1,26.25,Second,Southampton
b6ca21e8-cb97-4e1f-97d9-779e9d3331e7,0,female,41.0,0,5,39.6875,Third,Southampton
e133a7e2-1738-4d59-9034-70442e9faeb6,0,male,,1,0,16.1,Third,Southampton
38b5bb7f-b34d-46a7-9d05-2c870701e9a7,0,male,20.0,0,0,7.8542,Third,Southampton
6271e5f0-ae09-4b83-9686-4df1af2032ee,1,female,24.0,0,0,69.3,First,Cherbourg
e0e8feba-182a-480c-9f41-8c87699f88f4,0,female,2.0,3,2,27.9,Third,Southampton
113200ac-ef37-4182-8a16-627c9f735a23,1,male,,0,0,56.4958,Third,Southampton
94b670ba-5448-436e-bb94-d6c0342ee5f2,1,female,0.75,2,1,19.2583,Third,Cherbourg
52526ce3-9bea-4505-bc4b-771fee1f62c9,1,male,48.0,1,0,76.7292,First,Cherbourg
db6859a5-3486-4d22-a312-6cb1779c0b14,0,male,19.0,0,0,7.8958,Third,Southampton
655bc1f7-20d7-4107-8459-21ee31976995,1,male,56.0,0,0,35.5,First,Cherbourg
3dc52c61-0a1c-4d39-8d3c-408cab5ac113,0,male,,0,0,7.55,Third,Southampton
ffaa9cfb-d5cd-4ef0-8248-9250a2a57a39,1,female,23.0,0,0,7.55,Third,Southampton
6e66cb07-7789-4f6f-b401-3ea37472e209,0,male,,0,0,7.8958,Third,Southampton
36af8fd1-d08e-46ff-8d63-4cffd44afb5c,1,female,18.0,0,1,23.0,Second,Southampton
c0d541d1-ed8e-4ce3-b16b-1541cb1aa98b,0,male,21.0,0,0,8.4333,Third,Southampton
c381daf2-02a4-4bbc-ae56-5cccfb8a7200,1,female,,0,0,7.8292,Third,Queenstown
85b66efc-85bd-4a53-8da2-c4483745554c,0,female,18.0,0,0,6.75,Third,Queenstown
03bd1b18-879a-42bf-a0aa-54d53abfc319,0,male,24.0,2,0,73.5,Second,Southampton
79900a68-0c45-46b6-9930-c3f3954f7456,0,male,,0,0,7.8958,Third,Southampton
c1a1cc3a-7b45-4d3d-a747-fd546576c596,0,female,32.0,1,1,15.5,Third,Queenstown
d87224ab-5b8f-4d59-86bf-00a0cb80e8a5,0,male,23.0,0,0,13.0,Second,Southampton
2d34a554-8738-48fe-b4f0-14ac0d7b65ad,0,male,58.0,0,2,113.275,First,Cherbourg
0f3fd80a-4c19-465d-a404-28a9b79f904f,1,male,50.0,2,0,133.65,First,Southampton
3cfe465b-5010-4adf-9ece-28b33c353513,0,male,40.0,0,0,7.225,Third,Cherbourg
7f7bf3c7-e5ee-4b66-ac74-1ee576dd66c9,0,male,47.0,0,0,25.5875,First,Southampton
517414fe-c7f9-426b-ada6-ff4dafd60c23,0,male,36.0,0,0,7.4958,Third,Southampton
f3b6ebd2-0030-4a07-9e91-32fbcaa12b94,1,male,20.0,1,0,7.925,Third,Southampton
102099fd-20eb-4c62-a397-84fbbcd6f3fe,0,male,32.0,2,0,73.5,Second,Southampton
e62e8f43-4315-4227-92b5-81d4bbacd13d,0,male,25.0,0,0,13.0,Second,Southampton
e24bfdcf-f13c-4f13-9833-54a179384e80,0,male,,0,0,7.775,Third,Southampton
828555d4-a1c1-48d9-8faa-ac518531bbed,0,male,43.0,0,0,8.05,Third,Southampton
658631c5-0efc-4121-81a7-56155ab1d9fb,1,female,,1,0,52.0,First,Southampton
98b1fbe8-2b80-407a-a2db-fd34031616a8,1,female,40.0,1,1,39.0,Second,Southampton
d38946ac-8470-4b8b-a30b-fdc8b5f78796,0,male,31.0,1,0,52.0,First,Southampton
a01bc187-a02b-454b-a0ca-d7dce9bffa1a,0,male,70.0,0,0,10.5,Second,Southampton
b0f4ae56-43a1-4406-9f5e-0c85ef22acfb,1,male,31.0,0,0,13.0,Second,Southampton
2bdd9fd6-4c76-410c-bb7c-652fea9c309f,0,male,,0,0,0.0,Second,Southampton
c570c2b5-b2c2-49f9-bb05-ca6c35ed81be,0,male,18.0,0,0,7.775,Third,Southampton
f9bf8454-98f2-4d91-bd95-db102cdcc9ab,0,male,24.5,0,0,8.05,Third,Southampton
973206b0-dc5a-4d59-abb9-1505708c846c,1,female,18.0,0,0,9.8417,Third,Southampton
d6636986-ce98-486c-a936-b855e5084bbf,0,female,43.0,1,6,46.9,Third,Southampton
51901a0f-b882-4ce5-9f1d-df726dfc52cb,1,male,36.0,0,1,512.3292,First,Cherbourg
4a127e8f-26e7-4d8f-bccb-7e93b1d889fc,0,female,,0,0,8.1375,Third,Queenstown
7db2e084-00ec-477b-add3-b158ff0472f0,1,male,27.0,0,0,76.7292,First,Cherbourg
139b2744-f5e5-46e1-94e7-556896e5200e,0,male,20.0,0,0,9.225,Third,Southampton
5315b42e-3081-4a92-9159-bfb6b6e9379f,0,male,14.0,5,2,46.9,Third,Southampton
4a470cfd-22f1-47e3-870a-cce6ffdd4004,0,male,60.0,1,1,39.0,Second,Southampton
10811ca7-6586-465a-bb65-381d10944283,0,male,25.0,1,2,41.5792,Second,Cherbourg
eef4851e-048f-426e-b90d-bc23f355f157,0,male,14.0,4,1,39.6875,Third,Southampton
ece0b9a9-f26e-4ab3-9401-8bb1647db67d,0,male,19.0,0,0,10.1708,Third,Southampton
cba0829a-7bf8-474a-b04f-b1365fa9aa6f,0,male,18.0,0,0,7.7958,Third,Southampton
078756d2-a379-4d97-966a-2e2d864069b6,1,female,15.0,0,1,211.3375,First,Southampton
04f5270d-b22c-4e36-930c-36de073bf99b,1,male,31.0,1,0,57.0,First,Southampton
20c9d17d-a91c-4245-b753-1f08093412ad,1,female,4.0,0,1,13.4167,Third,Cherbourg
010ed1a2-8f40-41c0-9440-e4eaa68c23bf,1,male,,0,0,56.4958,Third,Southampton
b53fa583-5c6e-43c6-b450-c2ae35f2069c,0,male,25.0,0,0,7.225,Third,Cherbourg
f9990c76-2f77-49e9-a0c0-54608d554485,0,male,60.0,0,0,26.55,First,Southampton
030c9436-d321-4440-9ea2-243b3b19f0e0,0,male,52.0,0,0,13.5,Second,Southampton
51ef6b68-dde2-426a-a748-54e2d4a8eeda,0,male,44.0,0,0,8.05,Third,Southampton
691a0b5a-d881-48ba-ade9-ddcc220a9234,1,female,,0,0,7.7333,Third,Queenstown
72c1c6ad-2472-433f-939b-4b7025bfbe4f,0,male,49.0,1,1,110.8833,First,Cherbourg
aa8ad64c-35d6-4f61-a590-0c4423bbd6d5,0,male,42.0,0,0,7.65,Third,Southampton
c2483e15-0eff-4398-ac68-589a2ec0e59c,1,female,18.0,1,0,227.525,First,Cherbourg
1e374809-0783-4ba6-8b59-e1715d4a91fa,1,male,35.0,0,0,26.2875,First,Southampton
5b4fcbb5-0c28-4c3a-8b21-51226f808ba8,0,female,18.0,0,1,14.4542,Third,Cherbourg
de6a4f79-8d8e-4e2b-8b47-87e968479d97,0,male,25.0,0,0,7.7417,Third,Queenstown
3518d675-f47e-4f43-a5c0-c68ff279c765,0,male,26.0,1,0,7.8542,Third,Southampton
2c1ddc49-957f-418f-bf17-048c852ef92c,0,male,39.0,0,0,26.0,Second,Southampton
41f28eb5-c975-46c8-81c2-7e37e1d3e16e,1,female,45.0,0,0,13.5,Second,Southampton
c440022d-e337-4dae-a625-2e83712fc144,1,male,42.0,0,0,26.2875,First,Southampton
db8f0661-5d1a-4306-a494-e99337de40c1,1,female,22.0,0,0,151.55,First,Southampton
0f190fd9-60e2-49d8-8d5f-211faa95eb94,1,male,,1,1,15.2458,Third,Cherbourg
5dc329cf-c582-4db6-82c1-a878ab2938cf,1,female,24.0,0,0,49.5042,First,Cherbourg
47bc5127-dec2-4e3b-83e5-1e910d926e6d,0,male,,0,0,26.55,First,Southampton
0ad1f38a-d882-4695-b765-aaf6a93d9a7e,1,male,48.0,1,0,52.0,First,Southampton
1d3c2bcc-a1bf-4ee8-aea8-83909ad5916b,0,male,29.0,0,0,9.4833,Third,Southampton
d1e4384d-6422-4495-918b-be3608dafe1f,0,male,52.0,0,0,13.0,Second,Southampton
c61045d9-5472-49fe-b02e-5631c81ae46d,0,male,19.0,0,0,7.65,Third,Southampton
72445069-b755-4d2d-8d58-df340e72b9a2,1,female,38.0,0,0,227.525,First,Cherbourg
51b4e827-9afe-4453-bb02-ba5e0bc77b51,1,female,27.0,0,0,10.5,Second,Southampton
81d4735b-02c1-470c-b4ac-109e4d761c81,0,male,,0,0,15.5,Third,Queenstown
f1f6cbdd-4fc9-4518-8824-bd0df326b14c,0,male,33.0,0,0,7.775,Third,Southampton
e2f6866a-833b-467a-aa7b-18236eb1ad36,1,female,6.0,0,1,33.0,Second,Southampton
cddd1c12-74dc-4084-8fea-70db6984389d,0,male,17.0,1,0,7.0542,Third,Southampton
5b9b33be-35da-4e57-a485-ebbd658a319c,0,male,34.0,0,0,13.0,Second,Southampton
a24dfd85-fd71-4de7-8d54-4bfe76b44f08,0,male,50.0,0,0,13.0,Second,Southampton
125a9f6e-a229-425c-91b9-9905a16838fb,1,male,27.0,1,0,53.1,First,Southampton
4275dcf0-bf13-4ceb-a382-f211e8aeb571,0,male,20.0,0,0,8.6625,Third,Southampton
c869c97e-23bc-46d1-9fd0-0c517aeb4ff2,1,female,30.0,3,0,21.0,Second,Southampton
351dddb0-263a-4106-97a9-aab3e7c05902,1,female,,0,0,7.7375,Third,Queenstown
a5c62e9b-ae8c-44fe-b23c-5b4439289462,0,male,25.0,1,0,26.0,Second,Southampton
dcd51eb4-42d1-4ddc-8f88-35fa0ba50d01,0,female,25.0,1,0,7.925,Third,Southampton
a3ca446b-41b0-4382-b597-24d5d59ef03c,1,female,29.0,0,0,211.3375,First,Southampton
03d7dbb8-06d6-4137-9c8c-30389b2b398e,0,male,11.0,0,0,18.7875,Third,Cherbourg
2c48c193-a73e-481f-a6e8-d088ab9e2949,0,male,,0,0,0.0,Second,Southampton
b43ce990-f564-49c8-95df-aa7dcb151e56,0,male,23.0,0,0,13.0,Second,Southampton
c3b3d4b9-8859-4997-b8f2-7738d19a200c,0,male,23.0,0,0,13.0,Second,Southampton
01919b00-bbee-4892-960f-c279ca650601,0,male,28.5,0,0,16.1,Third,Southampton
e94ce2d7-3ea9-4200-80bf-286de209e444,0,female,48.0,1,3,34.375,Third,Southampton
939c7a36-01ef-47e4-a1a4-fa6baee95cf7,1,male,35.0,0,0,512.3292,First,Cherbourg
0095bd9e-f724-4ea0-b36c-14c422372fa6,0,male,,0,0,7.8958,Third,Southampton
dd0c9aac-9f85-4b34-84c2-4a441129d3f5,0,male,,0,0,7.8958,Third,Southampton
ece4e66b-3e35-4cd5-bfc7-6707ca02dcac,1,male,,0,0,30.0,First,Southampton
77cf396a-2b7d-4049-880e-0e37576d46a5,0,male,36.0,1,0,78.85,First,Southampton
dc68b41d-2b85-4e0b-a0e6-39350d66e27c,1,female,21.0,2,2,262.375,First,Cherbourg
a4692f7a-ee5d-46aa-a8ae-fafcefe9e99b,0,male,24.0,1,0,16.1,Third,Southampton
c4a1e482-80dd-4394-a38c-bc55b48f6ae4,1,male,31.0,0,0,7.925,Third,Southampton
8dc80c56-0624-4368-99ac-ad932805ae20,0,male,70.0,1,1,71.0,First,Southampton
565b299f-f8fd-4101-95c0-5750aed07f11,0,male,16.0,1,1,20.25,Third,Southampton
ae2d57fc-f32f-4f90-a11f-67d566fb80b3,1,female,30.0,0,0,13.0,Second,Southampton
9029231a-a115-4992-a739-5820ac93f89d,0,male,19.0,1,0,53.1,First,Southampton
1fa424cc-c9be-4e3a-9225-dcdd44a2062a,0,male,31.0,0,0,7.75,Third,Queenstown
f092870f-17e7-4219-9f93-880787b4de39,1,female,4.0,1,1,23.0,Second,Southampton
eb879343-9c6d-47bb-b549-15b647eaea24,1,male,6.0,0,1,12.475,Third,Southampton
92dc8ccc-af5a-43c2-84be-f1cbd6727d96,0,male,33.0,0,0,9.5,Third,Southampton
0babac3a-e985-49f3-ba14-b5a8162ca523,0,male,23.0,0,0,7.8958,Third,Southampton
88182aab-38d6-451b-ae9a-7ba80081481f,1,female,48.0,1,2,65.0,Second,Southampton
434da032-7067-4f9f-aa54-851bf502d1e7,1,male,0.67,1,1,14.5,Second,Southampton
96dd86d6-7736-4c01-9a61-f049874991df,0,male,28.0,0,0,7.7958,Third,Southampton
a3e6116b-1a4c-4fd5-ba99-6884c3c93d29,0,male,18.0,0,0,11.5,Second,Southampton
a39d622f-9b2f-4202-bdf5-1a3371c31396,0,male,34.0,0,0,8.05,Third,Southampton
a9506ad9-f726-4ef6-b003-a7cc65d8ce21,1,female,33.0,0,0,86.5,First,Southampton
c22c75f8-75f5-4948-8df4-a34789aed952,0,male,,0,0,14.5,Third,Southampton
7f7dacd0-3f19-4e65-a515-42e6758fcf86,0,male,41.0,0,0,7.125,Third,Southampton
8005c6d9-c87d-4434-b82c-880ef99e1123,1,male,20.0,0,0,7.2292,Third,Cherbourg
621c36c5-8c82-4845-be0e-8696c19113f5,1,female,36.0,1,2,120.0,First,Southampton
c249432a-35bb-4560-a159-3998f21c85c2,0,male,16.0,0,0,7.775,Third,Southampton
287911f6-cba8-4efd-aa4c-f8ef77985e8c,1,female,51.0,1,0,77.9583,First,Southampton
30298e7a-d56c-4b23-93de-bdde5a26cffd,0,male,,0,0,39.6,First,Cherbourg
7edfc5a4-7209-4d4c-9f0f-ea84a41b97a0,0,female,30.5,0,0,7.75,Third,Queenstown
0664a8c6-6bc4-47df-a22e-a02c6217cc66,0,male,,1,0,24.15,Third,Queenstown
97b9c5b4-9ce4-4b33-9288-054c38f7f642,0,male,32.0,0,0,8.3625,Third,Southampton
ac65b887-0861-4904-9fc5-7f8852c0f35a,0,male,24.0,0,0,9.5,Third,Southampton
57ef76f0-c607-4c5d-b905-161938dea70d,0,male,48.0,0,0,7.8542,Third,Southampton
cba2ce18-3e49-499b-a674-03d0918433a6,0,female,57.0,0,0,10.5,Second,Southampton
cb70d308-56f5-418b-b9a4-e73202d4573e,0,male,,0,0,7.225,Third,Cherbourg
a5562846-6e7c-4ef3-91ea-5c464112ea0e,1,female,54.0,1,3,23.0,Second,Southampton
53075cd6-e355-49e6-ab17-48d616ad939a,0,male,18.0,0,0,7.75,Third,Southampton
346b7a4c-518a-49ba-8db4-2896e0420fc3,0,male,,0,0,7.75,Third,Queenstown
56665f93-461b-46d5-a351-b31b8a19f4fa,1,female,5.0,0,0,12.475,Third,Southampton
90ed7ba4-c609-4218-9bdc-ef5bd3cdb062,0,male,,0,0,7.7375,Third,Queenstown
cf0ddc76-6d47-44f2-bffb-c42bf11ba71d,1,female,43.0,0,1,211.3375,First,Southampton
7467b866-6816-4c75-8d83-d636b53b565e,1,female,13.0,0,0,7.2292,Third,Cherbourg
35df9821-b4a0-4fe9-b08e-1a5452eb931b,1,female,17.0,1,0,57.0,First,Southampton
1168da5b-4698-41fd-a2a4-85d9358e9623,0,male,29.0,0,0,30.0,First,Southampton
58181463-d868-4c40-a3fd-58791d1de548,0,male,,1,2,23.45,Third,Southampton
d2fe04b8-1dbe-4273-8fe5-8ad45e35bec6,0,male,25.0,0,0,7.05,Third,Southampton
180a8354-d310-4147-8931-0703e958026d,0,male,25.0,0,0,7.25,Third,Southampton
1df6e844-f343-44f6-932e-e3e3b66b4995,1,female,18.0,0,0,7.4958,Third,Southampton
6bae5d2c-8e9e-4b19-9992-3ee0713805fd,0,male,8.0,4,1,29.125,Third,Queenstown
2e7ecf35-d16b-4cee-929c-fce639af5b78,1,male,1.0,1,2,20.575,Third,Southampton
a3323ee0-cace-4ca3-8481-bf4a447a4da2,0,male,46.0,0,0,79.2,First,Cherbourg
17ddd52c-ad88-44ae-bc61-911666be0c05,0,male,,0,0,7.75,Third,Queenstown
ddac63d6-6b65-4d2d-a4e5-2d10add6decf,0,male,16.0,0,0,26.0,Second,Southampton
9f0f9e43-ee2f-402a-95ee-cc531ec030bf,0,female,,8,2,69.55,Third,Southampton
4e20cd98-aab7-49ac-a125-27548c38eb4d,0,male,,0,0,30.6958,First,Cherbourg
6710b425-a23d-47e3-8378-5750829febea,0,male,25.0,0,0,7.8958,Third,Southampton
d45a7d45-f230-445f-910a-84230bd263ad,0,male,39.0,0,0,13.0,Second,Southampton
947db1bf-cffb-4e9a-a077-5cc54e58d28e,1,female,49.0,0,0,25.9292,First,Southampton
c781e512-558d-4e86-aee2-9ee41f65c28f,1,female,31.0,0,0,8.6833,Third,Southampton
0abb73bf-6e94-4bf4-a99c-1c16c46fa607,0,male,30.0,0,0,7.2292,Third,Cherbourg
04718a8d-7f9a-41ca-b9dd-7b1154d76d4e,0,female,30.0,1,1,24.15,Third,Southampton
b8394df4-5615-4ce3-9e48-22aa25f390c5,0,male,34.0,0,0,13.0,Second,Southampton
4be51e1d-ee2e-4701-93e2-4cc622766ad5,1,female,31.0,1,1,26.25,Second,Southampton
31d809f0-3995-442a-b43e-28343e376e9f,1,male,11.0,1,2,120.0,First,Southampton
6bbb5b9c-6035-4801-82de-703703d9ba88,1,male,0.42,0,1,8.5167,Third,Cherbourg
c9dd04e5-7c79-46c7-89ed-d53c906ffdde,1,male,27.0,0,0,6.975,Third,Southampton
78b083a2-3c59-4070-9aff-de4cd6cb7adf,0,male,31.0,0,0,7.775,Third,Southampton
eaa3663a-76ab-41e3-b505-d3fe1555f001,0,male,39.0,0,0,0.0,First,Southampton
2adb27fb-a625-4130-87fc-b24f534e2076,0,female,18.0,0,0,7.775,Third,Southampton
74c8ca4c-fafa-40c2-b182-c06dd1074066,0,male,39.0,0,0,13.0,Second,Southampton
6b48a4be-088d-426d-8183-76e0abadf352,1,female,33.0,1,0,53.1,First,Southampton
31965c44-6900-43b5-8ea8-98ed1822be36,0,male,26.0,0,0,7.8875,Third,Southampton
0c85cd38-8008-462e-a3a3-a6ccccea9ae9,0,male,39.0,0,0,24.15,Third,Southampton
52d9c419-6e90-405d-941b-7559d7252bb4,0,male,35.0,0,0,10.5,Second,Southampton
a038763b-4da2-4341-b3b5-f7b5edc22349,0,female,6.0,4,2,31.275,Third,Southampton
265d159d-4f2b-40b0-9474-fa5f996b2e5b,0,male,30.5,0,0,8.05,Third,Southampton
ef03c830-3e75-4a9e-aa8f-b43d2cac7e3a,0,male,,0,0,0.0,First,Southampton
dd907761-b250-4671-a735-b8dcbb2989b7,0,female,23.0,0,0,7.925,Third,Southampton
cd042fba-52e2-48c0-bb9c-3dadaa5045c9,0,male,31.0,1,1,37.0042,Second,Cherbourg
126c2b94-d762-4250-bd9c-1cac9079b53f,0,male,43.0,0,0,6.45,Third,Southampton
1a3e6ee5-3d0a-4b5f-8129-5a9c3bb589ef,0,male,10.0,3,2,27.9,Third,Southampton
f8deb905-5d4c-4f90-aec7-00eb525b2ef0,1,female,52.0,1,1,93.5,First,Southampton
e41dae0c-8e91-4ddf-a949-d8f084547a56,1,male,27.0,0,0,8.6625,Third,Southampton
f055f72e-546a-4c93-a971-beb2dec4aee2,0,male,38.0,0,0,0.0,First,Southampton
32268e45-60be-49a1-b26b-46e3ff5573ab,1,female,27.0,0,1,12.475,Third,Southampton
a0a13be7-4664-41cc-ab27-129da16ac00e,0,male,2.0,4,1,39.6875,Third,Southampton
72e2269e-61fb-41e6-bab6-2243b1271790,0,male,,0,0,6.95,Third,Queenstown
263b4076-4228-482e-af13-4c4a7dc7fa1a,0,male,,0,0,56.4958,Third,Southampton
d6eb8b53-e578-44d3-bdc6-3e52dfad73e7,1,male,1.0,0,2,37.0042,Second,Cherbourg
06b843fe-4bab-4432-b5ee-4667d700524d,1,male,,0,0,7.75,Third,Queenstown
a67cf024-c984-4ef8-b217-24ee64493c8d,1,female,62.0,0,0,80.0,First,
b6204bf4-b83b-4b72-bae4-65d9384105b3,1,female,15.0,1,0,14.4542,Third,Cherbourg
39bf4aba-25c9-4870-b278-11a30666b58a,1,male,0.83,1,1,18.75,Second,Southampton
5d8feaf8-2c4c-418a-98a6-09ae83ec6229,0,male,,0,0,7.2292,Third,Cherbourg
e8ccb306-b262-41c7-9057-cb58176e0d66,0,male,23.0,0,0,7.8542,Third,Southampton
391f3cce-2fcc-48f7-8174-7b7c8acea0c1,0,male,18.0,0,0,8.3,Third,Southampton
cd31f829-cc5f-4e23-bebc-54dd3c2344d0,1,female,39.0,1,1,83.1583,First,Cherbourg
38cf79d6-d093-4688-aef9-a6ef4a043213,0,male,21.0,0,0,8.6625,Third,Southampton
f0ca6d8b-0b65-4067-a933-eb1398d3f960,0,male,,0,0,8.05,Third,Southampton
c67e0468-2e2f-4f79-b981-4416ba879dcb,1,male,32.0,0,0,56.4958,Third,Southampton
c63a10a0-af08-4398-8f5f-91e28bff251d,1,male,,0,0,29.7,First,Cherbourg
facdac27-1ae8-4189-9266-1ef85a13ccda,0,male,20.0,0,0,7.925,Third,Southampton
aaa0d6f8-0f4f-49ee-a8c0-e80f2c41f52d,0,male,16.0,0,0,10.5,Second,Southampton
327621a9-40f6-476c-820d-edbd18c4da56,1,female,30.0,0,0,31.0,First,Cherbourg
bae475b7-7f39-4011-97c2-9ca5da0a7d2b,0,male,34.5,0,0,6.4375,Third,Cherbourg
65fbb9ba-385b-43ec-a8f1-36b6418f98c3,0,male,17.0,0,0,8.6625,Third,Southampton
4871c143-91e4-43f8-acc4-89b0ac92e74d,0,male,42.0,0,0,7.55,Third,Southampton
575ca34e-314e-44c4-834d-5c5418320f11,0,male,,8,2,69.55,Third,Southampton
9e97f8b4-7e8f-42c2-846e-a1d6644d8775,0,male,35.0,0,0,7.8958,Third,Cherbourg
e169d76e-e65f-43e6-9d47-0cebbd1bec9b,0,male,28.0,0,1,33.0,Second,Southampton
c4eba804-b9ba-4b71-8e81-15a6f400c59f,1,female,,1,0,89.1042,First,Cherbourg
40e24310-bc3a-4a14-bc11-abff1783776b,0,male,4.0,4,2,31.275,Third,Southampton
14bbbc32-c261-4750-af12-70c60e304583,0,male,74.0,0,0,7.775,Third,Southampton
d30abe98-87b9-4280-a3af-0471a2b63a20,0,female,9.0,1,1,15.2458,Third,Cherbourg
0d0d7e34-440a-4544-9986-6725edb768f6,1,female,16.0,0,1,39.4,First,Southampton
1a177d36-7244-4841-bd63-ca796942b1cf,0,female,44.0,1,0,26.0,Second,Southampton
757d22a4-c2d4-4a92-b9fe-ec5f8ff62d82,1,female,18.0,0,1,9.35,Third,Southampton
4348b1e5-34f0-4f04-b862-3db2592cba5e,1,female,45.0,1,1,164.8667,First,Southampton
7e99aed3-d393-44da-b4c1-a33ea1fee2f7,1,male,51.0,0,0,26.55,First,Southampton
f756cce2-658b-4f13-800f-ed63be889a98,1,female,24.0,0,3,19.2583,Third,Cherbourg
ee7ae74b-64a0-403d-ab06-9945968a950e,0,male,,0,0,7.2292,Third,Cherbourg
e06b7627-2dc0-470d-a332-ad2ba45889b3,0,male,41.0,2,0,14.1083,Third,Southampton
1d675019-aba2-485c-995d-11edd4c0309b,0,male,21.0,1,0,11.5,Second,Southampton
f546f252-88e7-433f-b2bb-4777aaef40c8,1,female,48.0,0,0,25.9292,First,Southampton
6c7a7dc4-e45f-4404-a361-4b8639182fee,0,female,,8,2,69.55,Third,Southampton
f33b1e86-e3cc-4c9d-b566-658fc7c54beb,0,male,24.0,0,0,13.0,Second,Southampton
b1aa25dc-b530-4ccf-aadc-fac78ec19605,1,female,42.0,0,0,13.0,Second,Southampton
20997727-bbc5-4782-847d-498f7970f4bd,1,female,27.0,1,0,13.8583,Second,Cherbourg
d2accd5f-fd88-49c5-8a81-2fc2b1ffd588,0,male,31.0,0,0,50.4958,First,Southampton
0e24e1bd-fba0-4b80-8b12-2f5b4a88243b,0,male,,0,0,9.5,Third,Southampton
d93289d9-d92a-4f6f-ad9f-8eaf31a2668c,1,male,4.0,1,1,11.1333,Third,Southampton
11091cf1-3328-49c2-a2d4-b8f50dc72a83,0,male,26.0,0,0,7.8958,Third,Southampton
2606c027-8025-49ef-8b30-2663c7cbe0b2,1,female,47.0,1,1,52.5542,First,Southampton
b9de9cde-ea17-43af-9b57-0cdf2dc2e85a,0,male,33.0,0,0,5.0,First,Southampton
d6a223dc-aeca-448b-b5fe-7277c43b0eed,0,male,47.0,0,0,9.0,Third,Southampton
8a923ee4-3def-4d19-9a3b-73658a216416,1,female,28.0,1,0,24.0,Second,Cherbourg
d54c52c6-3604-433d-a4eb-6977aa3cef49,1,female,15.0,0,0,7.225,Third,Cherbourg
297a9fcb-f68a-4b37-a8fe-3c673bd16f9e,0,male,20.0,0,0,9.8458,Third,Southampton
a49a1495-8bda-4b8a-b55a-977c4e6a7959,0,male,19.0,0,0,7.8958,Third,Southampton
f3ac8c21-380b-4933-813e-4e075546e8e9,0,male,,0,0,7.8958,Third,Southampton
534a6106-c251-48b8-9604-6945329f181a,1,female,56.0,0,1,83.1583,First,Cherbourg
a4bf0b04-d097-4336-9f4e-08b2d4803a92,1,female,25.0,0,1,26.0,Second,Southampton
1493c85f-7eca-4b1c-be99-fa75afc33706,0,male,33.0,0,0,7.8958,Third,Southampton
2c3f6bfe-bf7f-4066-b0db-3609069baae4,0,female,22.0,0,0,10.5167,Third,Southampton
5e9217fa-4e0a-4408-9610-1a30985f1499,0,male,28.0,0,0,10.5,Second,Southampton
de872d75-b41e-47d3-aaa6-254a62973fbf,0,male,25.0,0,0,7.05,Third,Southampton
8a98d598-6b10-45a8-98f5-5283ff8aa317,0,female,39.0,0,5,29.125,Third,Queenstown
79e179d2-8fd2-42e3-8e25-6d1124861a45,0,male,27.0,0,0,13.0,Second,Southampton
a53b93a9-a0fe-4e83-ac58-a74c32825abe,1,female,19.0,0,0,30.0,First,Southampton
c89d25cf-49ac-4aaf-a614-b2cf8754bc13,0,female,,1,2,23.45,Third,Southampton
2094390f-10db-4ca3-9693-ef5795da5446,1,male,26.0,0,0,30.0,First,Cherbourg
b64de32c-dfbc-4e27-a2dc-a2af3e5597c5,0,male,32.0,0,0,7.75,Third,Queenstown
